boundary_index,previous_scan_record_id,next_scan_record_id,boundary_type,changed_fields,normalization_relevant,supporting_evidence,confidence
1,SCAN-02R-022f7aa0bc71f84f,SCAN-02R-1dda1db143c363ba,acquisition_state_change,scan_variable_raw,false,"{""changes"":{""scan_variable_raw"":{""next"":""sgl"",""previous"":""s1""}},""next_acquisition_start_time"":""2023-08-29T11:55:27"",""previous_acquisition_start_time"":""2023-08-29T11:53:06"",""source"":""04_Results/Stage02R/W02-02R-A-002/scan_inventory.csv""}",verified_recorded_acquisition_change
2,SCAN-02R-1dda1db143c363ba,SCAN-02R-6d3fa023f691129f,acquisition_state_change,scan_variable_raw,false,"{""changes"":{""scan_variable_raw"":{""next"":""s1"",""previous"":""sgl""}},""next_acquisition_start_time"":""2023-08-29T11:59:45"",""previous_acquisition_start_time"":""2023-08-29T11:55:27"",""source"":""04_Results/Stage02R/W02-02R-A-002/scan_inventory.csv""}",verified_recorded_acquisition_change
3,SCAN-02R-6d3fa023f691129f,SCAN-02R-3d7ecf2f3c542662,acquisition_state_change,scan_variable_raw,false,"{""changes"":{""scan_variable_raw"":{""next"":""sgu"",""previous"":""s1""}},""next_acquisition_start_time"":""2023-08-29T12:01:31"",""previous_acquisition_start_time"":""2023-08-29T11:59:45"",""source"":""04_Results/Stage02R/W02-02R-A-002/scan_inventory.csv""}",verified_recorded_acquisition_change
4,SCAN-02R-3d7ecf2f3c542662,SCAN-02R-c949f2ba4994924e,acquisition_state_change,scan_variable_raw;UB_state_id,false,"{""changes"":{""UB_state_id"":{""next"":""UB-02R-397acad65dd9e384"",""previous"":""UB-02R-55ac4333b2057246""},""scan_variable_raw"":{""next"":""qk"",""previous"":""sgu""}},""next_acquisition_start_time"":""2023-08-29T12:13:46"",""previous_acquisition_start_time"":""2023-08-29T12:01:31"",""source"":""04_Results/Stage02R/W02-02R-A-002/scan_inventory.csv""}",verified_recorded_acquisition_change
5,SCAN-02R-c949f2ba4994924e,SCAN-02R-20b2aca534749eb8,acquisition_state_change,scan_variable_raw,false,"{""changes"":{""scan_variable_raw"":{""next"":""ql"",""previous"":""qk""}},""next_acquisition_start_time"":""2023-08-29T12:20:43"",""previous_acquisition_start_time"":""2023-08-29T12:13:46"",""source"":""04_Results/Stage02R/W02-02R-A-002/scan_inventory.csv""}",verified_recorded_acquisition_change
6,SCAN-02R-20b2aca534749eb8,SCAN-02R-71f68f9554b93f6c,acquisition_state_change,scan_variable_raw,false,"{""changes"":{""scan_variable_raw"":{""next"":""qk"",""previous"":""ql""}},""next_acquisition_start_time"":""2023-08-29T12:27:55"",""previous_acquisition_start_time"":""2023-08-29T12:20:43"",""source"":""04_Results/Stage02R/W02-02R-A-002/scan_inventory.csv""}",verified_recorded_acquisition_change
7,SCAN-02R-f4c54e6724ab8666,SCAN-02R-2c07251df8824bce,acquisition_state_change,scan_variable_raw,false,"{""changes"":{""scan_variable_raw"":{""next"":""s2"",""previous"":""qk""}},""next_acquisition_start_time"":""2023-08-29T13:31:16"",""previous_acquisition_start_time"":""2023-08-29T12:41:37"",""source"":""04_Results/Stage02R/W02-02R-A-002/scan_inventory.csv""}",verified_recorded_acquisition_change
8,SCAN-02R-2c07251df8824bce,SCAN-02R-cb3c11e0b8e28580,acquisition_state_change,scan_variable_raw,false,"{""changes"":{""scan_variable_raw"":{""next"":""m1"",""previous"":""s2""}},""next_acquisition_start_time"":""2023-08-29T17:00:48"",""previous_acquisition_start_time"":""2023-08-29T13:31:16"",""source"":""04_Results/Stage02R/W02-02R-A-002/scan_inventory.csv""}",verified_recorded_acquisition_change
9,SCAN-02R-cb3c11e0b8e28580,SCAN-02R-95f55247c2e05782,acquisition_state_change,scan_variable_raw,false,"{""changes"":{""scan_variable_raw"":{""next"":""s2"",""previous"":""m1""}},""next_acquisition_start_time"":""2023-08-29T17:04:10"",""previous_acquisition_start_time"":""2023-08-29T17:00:48"",""source"":""04_Results/Stage02R/W02-02R-A-002/scan_inventory.csv""}",verified_recorded_acquisition_change
10,SCAN-02R-95f55247c2e05782,SCAN-02R-59701ee4cf5ede45,acquisition_state_change,scan_variable_raw,false,"{""changes"":{""scan_variable_raw"":{""next"":""a2"",""previous"":""s2""}},""next_acquisition_start_time"":""2023-08-29T17:09:28"",""previous_acquisition_start_time"":""2023-08-29T17:04:10"",""source"":""04_Results/Stage02R/W02-02R-A-002/scan_inventory.csv""}",verified_recorded_acquisition_change
11,SCAN-02R-59701ee4cf5ede45,SCAN-02R-d7af0511d4c5b96e,acquisition_state_change,scan_variable_raw,false,"{""changes"":{""scan_variable_raw"":{""next"":""s2"",""previous"":""a2""}},""next_acquisition_start_time"":""2023-08-29T17:19:52"",""previous_acquisition_start_time"":""2023-08-29T17:09:28"",""source"":""04_Results/Stage02R/W02-02R-A-002/scan_inventory.csv""}",verified_recorded_acquisition_change
12,SCAN-02R-8e9939a05c893131,SCAN-02R-a59dc960ac5aa7de,acquisition_state_change,scan_variable_raw,false,"{""changes"":{""scan_variable_raw"":{""next"":""a1"",""previous"":""s2""}},""next_acquisition_start_time"":""2023-08-29T21:08:29"",""previous_acquisition_start_time"":""2023-08-29T18:26:45"",""source"":""04_Results/Stage02R/W02-02R-A-002/scan_inventory.csv""}",verified_recorded_acquisition_change
13,SCAN-02R-4a9d7177d38df4e7,SCAN-02R-4fb9fc6716a3e65a,acquisition_state_change,scan_variable_raw,false,"{""changes"":{""scan_variable_raw"":{""next"":""en"",""previous"":""a1""}},""next_acquisition_start_time"":""2023-08-29T21:25:07"",""previous_acquisition_start_time"":""2023-08-29T21:21:06"",""source"":""04_Results/Stage02R/W02-02R-A-002/scan_inventory.csv""}",verified_recorded_acquisition_change
14,SCAN-02R-4fb9fc6716a3e65a,SCAN-02R-e5f864cf4587fc19,acquisition_state_change,scan_variable_raw,false,"{""changes"":{""scan_variable_raw"":{""next"":""ei"",""previous"":""en""}},""next_acquisition_start_time"":""2023-08-29T21:42:08"",""previous_acquisition_start_time"":""2023-08-29T21:25:07"",""source"":""04_Results/Stage02R/W02-02R-A-002/scan_inventory.csv""}",verified_recorded_acquisition_change
15,SCAN-02R-8c953d28ca426172,SCAN-02R-93657997ed968c54,acquisition_state_change,scan_variable_raw,false,"{""changes"":{""scan_variable_raw"":{""next"":""s1"",""previous"":""ei""}},""next_acquisition_start_time"":""2023-08-30T15:40:20"",""previous_acquisition_start_time"":""2023-08-30T05:38:23"",""source"":""04_Results/Stage02R/W02-02R-A-002/scan_inventory.csv""}",verified_recorded_acquisition_change
16,SCAN-02R-93657997ed968c54,SCAN-02R-8c948345fe20cada,acquisition_state_change,scan_variable_raw,false,"{""changes"":{""scan_variable_raw"":{""next"":""qk"",""previous"":""s1""}},""next_acquisition_start_time"":""2023-08-30T15:53:29"",""previous_acquisition_start_time"":""2023-08-30T15:40:20"",""source"":""04_Results/Stage02R/W02-02R-A-002/scan_inventory.csv""}",verified_recorded_acquisition_change
17,SCAN-02R-8c948345fe20cada,SCAN-02R-d4d684343e0d7d6c,acquisition_state_change,scan_variable_raw,false,"{""changes"":{""scan_variable_raw"":{""next"":""sgl"",""previous"":""qk""}},""next_acquisition_start_time"":""2023-08-30T15:58:10"",""previous_acquisition_start_time"":""2023-08-30T15:53:29"",""source"":""04_Results/Stage02R/W02-02R-A-002/scan_inventory.csv""}",verified_recorded_acquisition_change
18,SCAN-02R-d4d684343e0d7d6c,SCAN-02R-35c1a2ccd5e9e62e,acquisition_state_change,scan_variable_raw,false,"{""changes"":{""scan_variable_raw"":{""next"":""sgu"",""previous"":""sgl""}},""next_acquisition_start_time"":""2023-08-30T16:00:09"",""previous_acquisition_start_time"":""2023-08-30T15:58:10"",""source"":""04_Results/Stage02R/W02-02R-A-002/scan_inventory.csv""}",verified_recorded_acquisition_change
19,SCAN-02R-35c1a2ccd5e9e62e,SCAN-02R-a37edad191409e00,acquisition_state_change,scan_variable_raw,false,"{""changes"":{""scan_variable_raw"":{""next"":""s1"",""previous"":""sgu""}},""next_acquisition_start_time"":""2023-08-30T16:10:31"",""previous_acquisition_start_time"":""2023-08-30T16:00:09"",""source"":""04_Results/Stage02R/W02-02R-A-002/scan_inventory.csv""}",verified_recorded_acquisition_change
20,SCAN-02R-2161de9a5edbe1bf,SCAN-02R-5e9a406134424e15,acquisition_state_change,scan_variable_raw,false,"{""changes"":{""scan_variable_raw"":{""next"":""sgl"",""previous"":""s1""}},""next_acquisition_start_time"":""2023-08-30T16:54:26"",""previous_acquisition_start_time"":""2023-08-30T16:51:12"",""source"":""04_Results/Stage02R/W02-02R-A-002/scan_inventory.csv""}",verified_recorded_acquisition_change
21,SCAN-02R-e99f0bd2152d59b1,SCAN-02R-84cb0b6150577fdc,acquisition_state_change,scan_variable_raw,false,"{""changes"":{""scan_variable_raw"":{""next"":""s1"",""previous"":""sgl""}},""next_acquisition_start_time"":""2023-08-30T17:06:33"",""previous_acquisition_start_time"":""2023-08-30T17:04:13"",""source"":""04_Results/Stage02R/W02-02R-A-002/scan_inventory.csv""}",verified_recorded_acquisition_change
22,SCAN-02R-d24a90ed870ef8e6,SCAN-02R-72904b63e5e6e883,acquisition_state_change,scan_variable_raw,false,"{""changes"":{""scan_variable_raw"":{""next"":""sgl"",""previous"":""s1""}},""next_acquisition_start_time"":""2023-08-30T17:23:21"",""previous_acquisition_start_time"":""2023-08-30T17:21:46"",""source"":""04_Results/Stage02R/W02-02R-A-002/scan_inventory.csv""}",verified_recorded_acquisition_change
23,SCAN-02R-72904b63e5e6e883,SCAN-02R-5b1259784f010264,acquisition_state_change,scan_variable_raw,false,"{""changes"":{""scan_variable_raw"":{""next"":""s1"",""previous"":""sgl""}},""next_acquisition_start_time"":""2023-08-30T17:32:59"",""previous_acquisition_start_time"":""2023-08-30T17:23:21"",""source"":""04_Results/Stage02R/W02-02R-A-002/scan_inventory.csv""}",verified_recorded_acquisition_change
24,SCAN-02R-5b1259784f010264,SCAN-02R-42f2046fce901aec,acquisition_state_change,scan_variable_raw,false,"{""changes"":{""scan_variable_raw"":{""next"":""sgu"",""previous"":""s1""}},""next_acquisition_start_time"":""2023-08-30T17:34:37"",""previous_acquisition_start_time"":""2023-08-30T17:32:59"",""source"":""04_Results/Stage02R/W02-02R-A-002/scan_inventory.csv""}",verified_recorded_acquisition_change
25,SCAN-02R-42f2046fce901aec,SCAN-02R-d5e00829a2a54fb6,acquisition_state_change,scan_variable_raw;UB_state_id,false,"{""changes"":{""UB_state_id"":{""next"":""UB-02R-1d710a6baa059bbb"",""previous"":""UB-02R-397acad65dd9e384""},""scan_variable_raw"":{""next"":""qk"",""previous"":""sgu""}},""next_acquisition_start_time"":""2023-08-30T17:41:56"",""previous_acquisition_start_time"":""2023-08-30T17:34:37"",""source"":""04_Results/Stage02R/W02-02R-A-002/scan_inventory.csv""}",verified_recorded_acquisition_change
26,SCAN-02R-d5e00829a2a54fb6,SCAN-02R-4ecc00c5eac2e1b4,acquisition_state_change,scan_variable_raw,false,"{""changes"":{""scan_variable_raw"":{""next"":""ql"",""previous"":""qk""}},""next_acquisition_start_time"":""2023-08-30T18:01:12"",""previous_acquisition_start_time"":""2023-08-30T17:41:56"",""source"":""04_Results/Stage02R/W02-02R-A-002/scan_inventory.csv""}",verified_recorded_acquisition_change
27,SCAN-02R-4ecc00c5eac2e1b4,SCAN-02R-c18c53ef408b1d89,acquisition_state_change,scan_variable_raw,false,"{""changes"":{""scan_variable_raw"":{""next"":""qk"",""previous"":""ql""}},""next_acquisition_start_time"":""2023-08-30T18:11:02"",""previous_acquisition_start_time"":""2023-08-30T18:01:12"",""source"":""04_Results/Stage02R/W02-02R-A-002/scan_inventory.csv""}",verified_recorded_acquisition_change
28,SCAN-02R-c18c53ef408b1d89,SCAN-02R-cb5dd7445a99bc3a,acquisition_state_change,scan_variable_raw,false,"{""changes"":{""scan_variable_raw"":{""next"":""ps_left"",""previous"":""qk""}},""next_acquisition_start_time"":""2023-08-30T21:40:10"",""previous_acquisition_start_time"":""2023-08-30T18:11:02"",""source"":""04_Results/Stage02R/W02-02R-A-002/scan_inventory.csv""}",verified_recorded_acquisition_change
29,SCAN-02R-cb5dd7445a99bc3a,SCAN-02R-e731681e22986e49,acquisition_state_change,scan_variable_raw,false,"{""changes"":{""scan_variable_raw"":{""next"":""ps_right"",""previous"":""ps_left""}},""next_acquisition_start_time"":""2023-08-30T21:48:10"",""previous_acquisition_start_time"":""2023-08-30T21:40:10"",""source"":""04_Results/Stage02R/W02-02R-A-002/scan_inventory.csv""}",verified_recorded_acquisition_change
30,SCAN-02R-e731681e22986e49,SCAN-02R-e4b1e60e94f6a5b7,acquisition_state_change,scan_variable_raw,false,"{""changes"":{""scan_variable_raw"":{""next"":""ps_top"",""previous"":""ps_right""}},""next_acquisition_start_time"":""2023-08-30T21:50:02"",""previous_acquisition_start_time"":""2023-08-30T21:48:10"",""source"":""04_Results/Stage02R/W02-02R-A-002/scan_inventory.csv""}",verified_recorded_acquisition_change
31,SCAN-02R-e4b1e60e94f6a5b7,SCAN-02R-03ed38ed92271694,acquisition_state_change,scan_variable_raw,false,"{""changes"":{""scan_variable_raw"":{""next"":""ps_bottom"",""previous"":""ps_top""}},""next_acquisition_start_time"":""2023-08-30T21:53:51"",""previous_acquisition_start_time"":""2023-08-30T21:50:02"",""source"":""04_Results/Stage02R/W02-02R-A-002/scan_inventory.csv""}",verified_recorded_acquisition_change
32,SCAN-02R-03ed38ed92271694,SCAN-02R-e3abafe2717105f3,acquisition_state_change,scan_variable_raw,false,"{""changes"":{""scan_variable_raw"":{""next"":""pa_left"",""previous"":""ps_bottom""}},""next_acquisition_start_time"":""2023-08-30T21:57:47"",""previous_acquisition_start_time"":""2023-08-30T21:53:51"",""source"":""04_Results/Stage02R/W02-02R-A-002/scan_inventory.csv""}",verified_recorded_acquisition_change
33,SCAN-02R-e3abafe2717105f3,SCAN-02R-31bc005deb88d4e2,acquisition_state_change,scan_variable_raw,false,"{""changes"":{""scan_variable_raw"":{""next"":""pa_right"",""previous"":""pa_left""}},""next_acquisition_start_time"":""2023-08-30T21:59:40"",""previous_acquisition_start_time"":""2023-08-30T21:57:47"",""source"":""04_Results/Stage02R/W02-02R-A-002/scan_inventory.csv""}",verified_recorded_acquisition_change
34,SCAN-02R-31bc005deb88d4e2,SCAN-02R-22608464dd5aff80,acquisition_state_change,scan_variable_raw,false,"{""changes"":{""scan_variable_raw"":{""next"":""pa_top"",""previous"":""pa_right""}},""next_acquisition_start_time"":""2023-08-30T22:01:16"",""previous_acquisition_start_time"":""2023-08-30T21:59:40"",""source"":""04_Results/Stage02R/W02-02R-A-002/scan_inventory.csv""}",verified_recorded_acquisition_change
35,SCAN-02R-22608464dd5aff80,SCAN-02R-74e2c66cfb23844c,acquisition_state_change,scan_variable_raw,false,"{""changes"":{""scan_variable_raw"":{""next"":""pa_bottom"",""previous"":""pa_top""}},""next_acquisition_start_time"":""2023-08-30T22:08:24"",""previous_acquisition_start_time"":""2023-08-30T22:01:16"",""source"":""04_Results/Stage02R/W02-02R-A-002/scan_inventory.csv""}",verified_recorded_acquisition_change
36,SCAN-02R-74e2c66cfb23844c,SCAN-02R-d453265e40ec7542,acquisition_state_change,scan_variable_raw,false,"{""changes"":{""scan_variable_raw"":{""next"":""qk"",""previous"":""pa_bottom""}},""next_acquisition_start_time"":""2023-08-30T22:19:49"",""previous_acquisition_start_time"":""2023-08-30T22:08:24"",""source"":""04_Results/Stage02R/W02-02R-A-002/scan_inventory.csv""}",verified_recorded_acquisition_change
37,SCAN-02R-d453265e40ec7542,SCAN-02R-8ca6316615b8cbae,acquisition_state_change,count_control_mode;scan_variable_raw,false,"{""changes"":{""count_control_mode"":{""next"":""monitor_controlled"",""previous"":""time_controlled""},""scan_variable_raw"":{""next"":""en"",""previous"":""qk""}},""next_acquisition_start_time"":""2023-08-30T22:37:59"",""previous_acquisition_start_time"":""2023-08-30T22:19:49"",""source"":""04_Results/Stage02R/W02-02R-A-002/scan_inventory.csv""}",verified_recorded_acquisition_change
38,SCAN-02R-774f62fc1777bc6b,SCAN-02R-652afedf8df9a217,acquisition_state_change,count_control_mode;scan_variable_raw,false,"{""changes"":{""count_control_mode"":{""next"":""time_controlled"",""previous"":""monitor_controlled""},""scan_variable_raw"":{""next"":""s1"",""previous"":""en""}},""next_acquisition_start_time"":""2023-08-31T13:14:40"",""previous_acquisition_start_time"":""2023-08-31T08:08:58"",""source"":""04_Results/Stage02R/W02-02R-A-002/scan_inventory.csv""}",verified_recorded_acquisition_change
39,SCAN-02R-bc0f4f0c3548d67f,SCAN-02R-251028aabdf3c3e7,acquisition_state_change,scan_variable_raw,false,"{""changes"":{""scan_variable_raw"":{""next"":""sgl"",""previous"":""s1""}},""next_acquisition_start_time"":""2023-08-31T13:49:53"",""previous_acquisition_start_time"":""2023-08-31T13:42:27"",""source"":""04_Results/Stage02R/W02-02R-A-002/scan_inventory.csv""}",verified_recorded_acquisition_change
40,SCAN-02R-251028aabdf3c3e7,SCAN-02R-59fa80474896a50b,acquisition_state_change,scan_variable_raw,false,"{""changes"":{""scan_variable_raw"":{""next"":""sgu"",""previous"":""sgl""}},""next_acquisition_start_time"":""2023-08-31T13:52:53"",""previous_acquisition_start_time"":""2023-08-31T13:49:53"",""source"":""04_Results/Stage02R/W02-02R-A-002/scan_inventory.csv""}",verified_recorded_acquisition_change
41,SCAN-02R-59fa80474896a50b,SCAN-02R-49c7081b477e8f3d,acquisition_state_change,scan_variable_raw,false,"{""changes"":{""scan_variable_raw"":{""next"":""s1"",""previous"":""sgu""}},""next_acquisition_start_time"":""2023-08-31T13:55:16"",""previous_acquisition_start_time"":""2023-08-31T13:52:53"",""source"":""04_Results/Stage02R/W02-02R-A-002/scan_inventory.csv""}",verified_recorded_acquisition_change
42,SCAN-02R-49c7081b477e8f3d,SCAN-02R-072b13029deb0fba,acquisition_state_change,scan_variable_raw,false,"{""changes"":{""scan_variable_raw"":{""next"":""s2"",""previous"":""s1""}},""next_acquisition_start_time"":""2023-08-31T14:03:51"",""previous_acquisition_start_time"":""2023-08-31T13:55:16"",""source"":""04_Results/Stage02R/W02-02R-A-002/scan_inventory.csv""}",verified_recorded_acquisition_change
43,SCAN-02R-7493a417e6451013,SCAN-02R-a9a9857e0e5183b2,acquisition_state_change,scan_variable_raw,false,"{""changes"":{""scan_variable_raw"":{""next"":""s1"",""previous"":""s2""}},""next_acquisition_start_time"":""2023-08-31T14:15:05"",""previous_acquisition_start_time"":""2023-08-31T14:07:25"",""source"":""04_Results/Stage02R/W02-02R-A-002/scan_inventory.csv""}",verified_recorded_acquisition_change
44,SCAN-02R-33c7ae4485edcd17,SCAN-02R-4f9204b624c2d482,acquisition_state_change,scan_variable_raw,false,"{""changes"":{""scan_variable_raw"":{""next"":""s2"",""previous"":""s1""}},""next_acquisition_start_time"":""2023-08-31T14:28:27"",""previous_acquisition_start_time"":""2023-08-31T14:24:31"",""source"":""04_Results/Stage02R/W02-02R-A-002/scan_inventory.csv""}",verified_recorded_acquisition_change
45,SCAN-02R-4f9204b624c2d482,SCAN-02R-7d946974f8e94f38,acquisition_state_change,scan_variable_raw,false,"{""changes"":{""scan_variable_raw"":{""next"":""sgl"",""previous"":""s2""}},""next_acquisition_start_time"":""2023-08-31T14:36:27"",""previous_acquisition_start_time"":""2023-08-31T14:28:27"",""source"":""04_Results/Stage02R/W02-02R-A-002/scan_inventory.csv""}",verified_recorded_acquisition_change
46,SCAN-02R-7d946974f8e94f38,SCAN-02R-379ac295ed92a194,acquisition_state_change,scan_variable_raw,false,"{""changes"":{""scan_variable_raw"":{""next"":""sgu"",""previous"":""sgl""}},""next_acquisition_start_time"":""2023-08-31T14:39:49"",""previous_acquisition_start_time"":""2023-08-31T14:36:27"",""source"":""04_Results/Stage02R/W02-02R-A-002/scan_inventory.csv""}",verified_recorded_acquisition_change
47,SCAN-02R-379ac295ed92a194,SCAN-02R-facac32c4f9e5032,acquisition_state_change,scan_variable_raw;lattice_state_id;UB_state_id,false,"{""changes"":{""UB_state_id"":{""next"":""UB-02R-c7cdba07fed2dfd7"",""previous"":""UB-02R-1d710a6baa059bbb""},""lattice_state_id"":{""next"":""LAT-02R-517a9644e4f59287"",""previous"":""LAT-02R-ae4c74e47a033f66""},""scan_variable_raw"":{""next"":""qk"",""previous"":""sgu""}},""next_acquisition_start_time"":""2023-08-31T14:57:00"",""previous_acquisition_start_time"":""2023-08-31T14:39:49"",""source"":""04_Results/Stage02R/W02-02R-A-002/scan_inventory.csv""}",verified_recorded_acquisition_change
48,SCAN-02R-5b80daccf8c23dd0,SCAN-02R-94943265720dfbae,acquisition_state_change,scan_variable_raw,false,"{""changes"":{""scan_variable_raw"":{""next"":""ql"",""previous"":""qk""}},""next_acquisition_start_time"":""2023-08-31T15:07:02"",""previous_acquisition_start_time"":""2023-08-31T15:02:06"",""source"":""04_Results/Stage02R/W02-02R-A-002/scan_inventory.csv""}",verified_recorded_acquisition_change
49,SCAN-02R-94943265720dfbae,SCAN-02R-dc90a5b672d54c2c,acquisition_state_change,scan_variable_raw,false,"{""changes"":{""scan_variable_raw"":{""next"":""sgu"",""previous"":""ql""}},""next_acquisition_start_time"":""2023-08-31T15:10:03"",""previous_acquisition_start_time"":""2023-08-31T15:07:02"",""source"":""04_Results/Stage02R/W02-02R-A-002/scan_inventory.csv""}",verified_recorded_acquisition_change
50,SCAN-02R-7bf9711c804eecbc,SCAN-02R-eb5b106ace121b92,acquisition_state_change,scan_variable_raw,false,"{""changes"":{""scan_variable_raw"":{""next"":""sgl"",""previous"":""sgu""}},""next_acquisition_start_time"":""2023-08-31T15:16:31"",""previous_acquisition_start_time"":""2023-08-31T15:13:05"",""source"":""04_Results/Stage02R/W02-02R-A-002/scan_inventory.csv""}",verified_recorded_acquisition_change
51,SCAN-02R-391364dde623200d,SCAN-02R-1d86949e1fdc12c8,acquisition_state_change,scan_variable_raw,false,"{""changes"":{""scan_variable_raw"":{""next"":""qk"",""previous"":""sgl""}},""next_acquisition_start_time"":""2023-08-31T15:25:21"",""previous_acquisition_start_time"":""2023-08-31T15:20:24"",""source"":""04_Results/Stage02R/W02-02R-A-002/scan_inventory.csv""}",verified_recorded_acquisition_change
52,SCAN-02R-1d86949e1fdc12c8,SCAN-02R-b30351ae2c4fc24c,acquisition_state_change,scan_variable_raw,false,"{""changes"":{""scan_variable_raw"":{""next"":""ql"",""previous"":""qk""}},""next_acquisition_start_time"":""2023-08-31T15:30:36"",""previous_acquisition_start_time"":""2023-08-31T15:25:21"",""source"":""04_Results/Stage02R/W02-02R-A-002/scan_inventory.csv""}",verified_recorded_acquisition_change
53,SCAN-02R-c09396a290b0d6b2,SCAN-02R-0f8fb12fa9acc5a9,acquisition_state_change,scan_variable_raw,false,"{""changes"":{""scan_variable_raw"":{""next"":""qk"",""previous"":""ql""}},""next_acquisition_start_time"":""2023-08-31T16:09:59"",""previous_acquisition_start_time"":""2023-08-31T15:42:59"",""source"":""04_Results/Stage02R/W02-02R-A-002/scan_inventory.csv""}",verified_recorded_acquisition_change
54,SCAN-02R-118b7f0b82f35923,SCAN-02R-76804d90690fee01,acquisition_state_change,scan_variable_raw,false,"{""changes"":{""scan_variable_raw"":{""next"":""ql"",""previous"":""qk""}},""next_acquisition_start_time"":""2023-08-31T16:17:52"",""previous_acquisition_start_time"":""2023-08-31T16:10:40"",""source"":""04_Results/Stage02R/W02-02R-A-002/scan_inventory.csv""}",verified_recorded_acquisition_change
55,SCAN-02R-76804d90690fee01,SCAN-02R-fb555611767fe647,acquisition_state_change,scan_variable_raw,false,"{""changes"":{""scan_variable_raw"":{""next"":""qk"",""previous"":""ql""}},""next_acquisition_start_time"":""2023-08-31T16:40:02"",""previous_acquisition_start_time"":""2023-08-31T16:17:52"",""source"":""04_Results/Stage02R/W02-02R-A-002/scan_inventory.csv""}",verified_recorded_acquisition_change
56,SCAN-02R-fb555611767fe647,SCAN-02R-f7776e64b8dc4ae4,acquisition_state_change,scan_variable_raw,false,"{""changes"":{""scan_variable_raw"":{""next"":""ql"",""previous"":""qk""}},""next_acquisition_start_time"":""2023-08-31T16:44:43"",""previous_acquisition_start_time"":""2023-08-31T16:40:02"",""source"":""04_Results/Stage02R/W02-02R-A-002/scan_inventory.csv""}",verified_recorded_acquisition_change
57,SCAN-02R-f7776e64b8dc4ae4,SCAN-02R-05cdcdc49c83bec6,acquisition_state_change,scan_variable_raw,false,"{""changes"":{""scan_variable_raw"":{""next"":""s1"",""previous"":""ql""}},""next_acquisition_start_time"":""2023-08-31T16:54:16"",""previous_acquisition_start_time"":""2023-08-31T16:44:43"",""source"":""04_Results/Stage02R/W02-02R-A-002/scan_inventory.csv""}",verified_recorded_acquisition_change
58,SCAN-02R-cfcdc3a373b26fb0,SCAN-02R-4cc04512e6886f13,acquisition_state_change,scan_variable_raw,false,"{""changes"":{""scan_variable_raw"":{""next"":""s2"",""previous"":""s1""}},""next_acquisition_start_time"":""2023-08-31T17:03:34"",""previous_acquisition_start_time"":""2023-08-31T17:00:56"",""source"":""04_Results/Stage02R/W02-02R-A-002/scan_inventory.csv""}",verified_recorded_acquisition_change
59,SCAN-02R-4cc04512e6886f13,SCAN-02R-eb6fd74d04998612,acquisition_state_change,scan_variable_raw,false,"{""changes"":{""scan_variable_raw"":{""next"":""s1"",""previous"":""s2""}},""next_acquisition_start_time"":""2023-08-31T18:24:07"",""previous_acquisition_start_time"":""2023-08-31T17:03:34"",""source"":""04_Results/Stage02R/W02-02R-A-002/scan_inventory.csv""}",verified_recorded_acquisition_change
60,SCAN-02R-eb6fd74d04998612,SCAN-02R-ebcf02322ed12a94,acquisition_state_change,scan_variable_raw,false,"{""changes"":{""scan_variable_raw"":{""next"":""s2"",""previous"":""s1""}},""next_acquisition_start_time"":""2023-08-31T18:26:34"",""previous_acquisition_start_time"":""2023-08-31T18:24:07"",""source"":""04_Results/Stage02R/W02-02R-A-002/scan_inventory.csv""}",verified_recorded_acquisition_change
61,SCAN-02R-ebcf02322ed12a94,SCAN-02R-da644119c60690fc,acquisition_state_change,scan_variable_raw,false,"{""changes"":{""scan_variable_raw"":{""next"":""sgl"",""previous"":""s2""}},""next_acquisition_start_time"":""2023-08-31T18:32:16"",""previous_acquisition_start_time"":""2023-08-31T18:26:34"",""source"":""04_Results/Stage02R/W02-02R-A-002/scan_inventory.csv""}",verified_recorded_acquisition_change
62,SCAN-02R-920194e62af87181,SCAN-02R-f565bb6e9ffba8d0,acquisition_state_change,scan_variable_raw,false,"{""changes"":{""scan_variable_raw"":{""next"":""sgu"",""previous"":""sgl""}},""next_acquisition_start_time"":""2023-08-31T18:35:01"",""previous_acquisition_start_time"":""2023-08-31T18:33:01"",""source"":""04_Results/Stage02R/W02-02R-A-002/scan_inventory.csv""}",verified_recorded_acquisition_change
63,SCAN-02R-f565bb6e9ffba8d0,SCAN-02R-7044f49c95edc115,acquisition_state_change,scan_variable_raw,false,"{""changes"":{""scan_variable_raw"":{""next"":""sgl"",""previous"":""sgu""}},""next_acquisition_start_time"":""2023-08-31T18:41:27"",""previous_acquisition_start_time"":""2023-08-31T18:35:01"",""source"":""04_Results/Stage02R/W02-02R-A-002/scan_inventory.csv""}",verified_recorded_acquisition_change
64,SCAN-02R-7044f49c95edc115,SCAN-02R-113d971bbff5b0fe,acquisition_state_change,scan_variable_raw,false,"{""changes"":{""scan_variable_raw"":{""next"":""sgu"",""previous"":""sgl""}},""next_acquisition_start_time"":""2023-08-31T18:43:24"",""previous_acquisition_start_time"":""2023-08-31T18:41:27"",""source"":""04_Results/Stage02R/W02-02R-A-002/scan_inventory.csv""}",verified_recorded_acquisition_change
65,SCAN-02R-113d971bbff5b0fe,SCAN-02R-e1e2bf2dafefa081,acquisition_state_change,scan_variable_raw,false,"{""changes"":{""scan_variable_raw"":{""next"":""ql"",""previous"":""sgu""}},""next_acquisition_start_time"":""2023-08-31T19:01:00"",""previous_acquisition_start_time"":""2023-08-31T18:43:24"",""source"":""04_Results/Stage02R/W02-02R-A-002/scan_inventory.csv""}",verified_recorded_acquisition_change
66,SCAN-02R-936cf3ec1b1f48e0,SCAN-02R-432159a75d80f2b3,acquisition_state_change,count_control_mode;scan_variable_raw,false,"{""changes"":{""count_control_mode"":{""next"":""monitor_controlled"",""previous"":""time_controlled""},""scan_variable_raw"":{""next"":""en"",""previous"":""ql""}},""next_acquisition_start_time"":""2023-08-31T21:32:58"",""previous_acquisition_start_time"":""2023-08-31T19:08:58"",""source"":""04_Results/Stage02R/W02-02R-A-002/scan_inventory.csv""}",verified_recorded_acquisition_change
67,SCAN-02R-598c5cedd335b846,SCAN-02R-e56a9b34b0768e57,acquisition_state_change,scan_variable_raw,false,"{""changes"":{""scan_variable_raw"":{""next"":""qk"",""previous"":""en""}},""next_acquisition_start_time"":""2023-09-02T11:45:33"",""previous_acquisition_start_time"":""2023-09-02T11:00:48"",""source"":""04_Results/Stage02R/W02-02R-A-002/scan_inventory.csv""}",verified_recorded_acquisition_change
68,SCAN-02R-e56a9b34b0768e57,SCAN-02R-c3dcce6e5bc72678,acquisition_state_change,scan_variable_raw,false,"{""changes"":{""scan_variable_raw"":{""next"":""en"",""previous"":""qk""}},""next_acquisition_start_time"":""2023-09-02T12:19:16"",""previous_acquisition_start_time"":""2023-09-02T11:45:33"",""source"":""04_Results/Stage02R/W02-02R-A-002/scan_inventory.csv""}",verified_recorded_acquisition_change
69,SCAN-02R-c3dcce6e5bc72678,SCAN-02R-a0737ac6a3eb4604,acquisition_state_change,scan_variable_raw,false,"{""changes"":{""scan_variable_raw"":{""next"":""s1"",""previous"":""en""}},""next_acquisition_start_time"":""2023-09-02T13:05:22"",""previous_acquisition_start_time"":""2023-09-02T12:19:16"",""source"":""04_Results/Stage02R/W02-02R-A-002/scan_inventory.csv""}",verified_recorded_acquisition_change
70,SCAN-02R-42c582e4eb747d10,SCAN-02R-183e2f7a146cbdf6,acquisition_state_change,scan_variable_raw,false,"{""changes"":{""scan_variable_raw"":{""next"":""ps_right"",""previous"":""s1""}},""next_acquisition_start_time"":""2023-09-02T13:14:45"",""previous_acquisition_start_time"":""2023-09-02T13:08:13"",""source"":""04_Results/Stage02R/W02-02R-A-002/scan_inventory.csv""}",verified_recorded_acquisition_change
71,SCAN-02R-183e2f7a146cbdf6,SCAN-02R-11f9a7978abc2be1,acquisition_state_change,scan_variable_raw,false,"{""changes"":{""scan_variable_raw"":{""next"":""ps_left"",""previous"":""ps_right""}},""next_acquisition_start_time"":""2023-09-02T13:17:22"",""previous_acquisition_start_time"":""2023-09-02T13:14:45"",""source"":""04_Results/Stage02R/W02-02R-A-002/scan_inventory.csv""}",verified_recorded_acquisition_change
72,SCAN-02R-11f9a7978abc2be1,SCAN-02R-87a18bddebeb7046,acquisition_state_change,scan_variable_raw,false,"{""changes"":{""scan_variable_raw"":{""next"":""s1"",""previous"":""ps_left""}},""next_acquisition_start_time"":""2023-09-02T13:19:34"",""previous_acquisition_start_time"":""2023-09-02T13:17:22"",""source"":""04_Results/Stage02R/W02-02R-A-002/scan_inventory.csv""}",verified_recorded_acquisition_change
73,SCAN-02R-87a18bddebeb7046,SCAN-02R-73adc0625f7869df,acquisition_state_change,scan_variable_raw,false,"{""changes"":{""scan_variable_raw"":{""next"":""ps_bottom"",""previous"":""s1""}},""next_acquisition_start_time"":""2023-09-02T13:23:04"",""previous_acquisition_start_time"":""2023-09-02T13:19:34"",""source"":""04_Results/Stage02R/W02-02R-A-002/scan_inventory.csv""}",verified_recorded_acquisition_change
74,SCAN-02R-73adc0625f7869df,SCAN-02R-b654b4eb1ebe23d6,acquisition_state_change,scan_variable_raw,false,"{""changes"":{""scan_variable_raw"":{""next"":""ps_top"",""previous"":""ps_bottom""}},""next_acquisition_start_time"":""2023-09-02T13:24:19"",""previous_acquisition_start_time"":""2023-09-02T13:23:04"",""source"":""04_Results/Stage02R/W02-02R-A-002/scan_inventory.csv""}",verified_recorded_acquisition_change
75,SCAN-02R-b654b4eb1ebe23d6,SCAN-02R-3796d374ac11519e,acquisition_state_change,scan_variable_raw,false,"{""changes"":{""scan_variable_raw"":{""next"":""s1"",""previous"":""ps_top""}},""next_acquisition_start_time"":""2023-09-02T13:26:10"",""previous_acquisition_start_time"":""2023-09-02T13:24:19"",""source"":""04_Results/Stage02R/W02-02R-A-002/scan_inventory.csv""}",verified_recorded_acquisition_change
76,SCAN-02R-3796d374ac11519e,SCAN-02R-d934969a642de523,acquisition_state_change,scan_variable_raw,false,"{""changes"":{""scan_variable_raw"":{""next"":""pa_left"",""previous"":""s1""}},""next_acquisition_start_time"":""2023-09-02T13:30:10"",""previous_acquisition_start_time"":""2023-09-02T13:26:10"",""source"":""04_Results/Stage02R/W02-02R-A-002/scan_inventory.csv""}",verified_recorded_acquisition_change
77,SCAN-02R-d934969a642de523,SCAN-02R-c74d6df747d6fccd,acquisition_state_change,scan_variable_raw,false,"{""changes"":{""scan_variable_raw"":{""next"":""pa_right"",""previous"":""pa_left""}},""next_acquisition_start_time"":""2023-09-02T13:32:51"",""previous_acquisition_start_time"":""2023-09-02T13:30:10"",""source"":""04_Results/Stage02R/W02-02R-A-002/scan_inventory.csv""}",verified_recorded_acquisition_change
78,SCAN-02R-c74d6df747d6fccd,SCAN-02R-5ef2c24fed347fd7,acquisition_state_change,scan_variable_raw,false,"{""changes"":{""scan_variable_raw"":{""next"":""s1"",""previous"":""pa_right""}},""next_acquisition_start_time"":""2023-09-02T13:34:20"",""previous_acquisition_start_time"":""2023-09-02T13:32:51"",""source"":""04_Results/Stage02R/W02-02R-A-002/scan_inventory.csv""}",verified_recorded_acquisition_change
79,SCAN-02R-5ef2c24fed347fd7,SCAN-02R-5467ba1e21b73319,acquisition_state_change,scan_variable_raw,false,"{""changes"":{""scan_variable_raw"":{""next"":""pa_top"",""previous"":""s1""}},""next_acquisition_start_time"":""2023-09-02T13:39:30"",""previous_acquisition_start_time"":""2023-09-02T13:34:20"",""source"":""04_Results/Stage02R/W02-02R-A-002/scan_inventory.csv""}",verified_recorded_acquisition_change
80,SCAN-02R-5467ba1e21b73319,SCAN-02R-c0c9b8b4b3c0d88f,acquisition_state_change,scan_variable_raw,false,"{""changes"":{""scan_variable_raw"":{""next"":""pa_bottom"",""previous"":""pa_top""}},""next_acquisition_start_time"":""2023-09-02T13:42:01"",""previous_acquisition_start_time"":""2023-09-02T13:39:30"",""source"":""04_Results/Stage02R/W02-02R-A-002/scan_inventory.csv""}",verified_recorded_acquisition_change
81,SCAN-02R-c0c9b8b4b3c0d88f,SCAN-02R-1c3a8acc71d9e5bd,acquisition_state_change,scan_variable_raw,false,"{""changes"":{""scan_variable_raw"":{""next"":""s1"",""previous"":""pa_bottom""}},""next_acquisition_start_time"":""2023-09-02T13:45:26"",""previous_acquisition_start_time"":""2023-09-02T13:42:01"",""source"":""04_Results/Stage02R/W02-02R-A-002/scan_inventory.csv""}",verified_recorded_acquisition_change
82,SCAN-02R-c8f01d8d90de0c04,SCAN-02R-4979cab4b4eed413,acquisition_state_change,scan_variable_raw,false,"{""changes"":{""scan_variable_raw"":{""next"":""qk"",""previous"":""s1""}},""next_acquisition_start_time"":""2023-09-02T13:59:39"",""previous_acquisition_start_time"":""2023-09-02T13:50:12"",""source"":""04_Results/Stage02R/W02-02R-A-002/scan_inventory.csv""}",verified_recorded_acquisition_change
83,SCAN-02R-4979cab4b4eed413,SCAN-02R-ed685e6e0b6d3265,acquisition_state_change,scan_variable_raw,false,"{""changes"":{""scan_variable_raw"":{""next"":""en"",""previous"":""qk""}},""next_acquisition_start_time"":""2023-09-02T14:26:39"",""previous_acquisition_start_time"":""2023-09-02T13:59:39"",""source"":""04_Results/Stage02R/W02-02R-A-002/scan_inventory.csv""}",verified_recorded_acquisition_change
84,SCAN-02R-4ad1398a663b7933,SCAN-02R-e772d925e68f4477,acquisition_state_change,scan_variable_raw,false,"{""changes"":{""scan_variable_raw"":{""next"":""s1"",""previous"":""en""}},""next_acquisition_start_time"":""2023-09-04T12:11:53"",""previous_acquisition_start_time"":""2023-09-04T09:03:48"",""source"":""04_Results/Stage02R/W02-02R-A-002/scan_inventory.csv""}",verified_recorded_acquisition_change
85,SCAN-02R-7fc5c872db142199,SCAN-02R-75faa4a614a8f130,acquisition_state_change,scan_variable_raw,false,"{""changes"":{""scan_variable_raw"":{""next"":""en"",""previous"":""s1""}},""next_acquisition_start_time"":""2023-09-04T14:47:56"",""previous_acquisition_start_time"":""2023-09-04T14:16:38"",""source"":""04_Results/Stage02R/W02-02R-A-002/scan_inventory.csv""}",verified_recorded_acquisition_change
