diagnostic_id,diagnostic_type,severity,scan_record_id,field,evidence,limitation
A003-D001,critical_unknown_propagated,info,,filter_state,A002 canonical metadata: unresolved or not recorded for every scan.,Missingness is not equality evidence; blocks supported status.
A003-D002,critical_unknown_propagated,info,,higher_order_suppression_state,A002 canonical metadata: unresolved or not recorded for every scan.,Missingness is not equality evidence; blocks supported status.
A003-D003,critical_unknown_propagated,info,,attenuation_state,A002 canonical metadata: unresolved or not recorded for every scan.,Missingness is not equality evidence; blocks supported status.
A003-D004,critical_unknown_propagated,info,,monochromator_reflection,A002 canonical metadata: unresolved or not recorded for every scan.,Missingness is not equality evidence; blocks supported status.
A003-D005,critical_unknown_propagated,info,,analyzer_reflection,A002 canonical metadata: unresolved or not recorded for every scan.,Missingness is not equality evidence; blocks supported status.
A003-D006,critical_unknown_propagated,info,,detector_hardware_identity,A002 canonical metadata: unresolved or not recorded for every scan.,Missingness is not equality evidence; blocks supported status.
A003-D007,critical_unknown_propagated,info,,monitor_hardware_identity,A002 canonical metadata: unresolved or not recorded for every scan.,Missingness is not equality evidence; blocks supported status.
A003-D008,relevant_unknown_propagated,info,,monochromator_mosaic,A002 canonical metadata: unverified or unresolved for every scan.,Not included in frozen identity or verified equality evidence.
A003-D009,relevant_unknown_propagated,info,,analyzer_mosaic,A002 canonical metadata: unverified or unresolved for every scan.,Not included in frozen identity or verified equality evidence.
A003-D010,relevant_unknown_propagated,info,,unresolved_focusing_aperture_configuration_fields,A002 canonical metadata: unverified or unresolved for every scan.,Not included in frozen identity or verified equality evidence.
A003-D011,relevant_unknown_propagated,info,,other_unresolved_beam_path_configuration_fields,A002 canonical metadata: unverified or unresolved for every scan.,Not included in frozen identity or verified equality evidence.
A003-D012,explicit_reconfiguration_event_census,info,,canonical_header_mappings,All reviewed header keys checked; command/builtin_command empty; no dedicated verified reconfiguration event recorded.,"No event inferred from titles, chronology gaps, state/coordinate changes or unverified motor labels."
A003-D013,unresolved_configuration_field_presence,info,,ahfocus,Declared in 201 canonical header column lists.,"Candidate for future semantic verification only; no value analysis, boundary inference or v1 inclusion."
A003-D014,unresolved_configuration_field_presence,info,,avfocus,Declared in 201 canonical header column lists.,"Candidate for future semantic verification only; no value analysis, boundary inference or v1 inclusion."
A003-D015,unresolved_configuration_field_presence,info,,pghf,Declared in 201 canonical header column lists.,"Candidate for future semantic verification only; no value analysis, boundary inference or v1 inclusion."
A003-D016,unresolved_configuration_field_presence,info,,pgvf,Declared in 201 canonical header column lists.,"Candidate for future semantic verification only; no value analysis, boundary inference or v1 inclusion."
A003-D017,unresolved_configuration_field_presence,info,,cuhf,Declared in 201 canonical header column lists.,"Candidate for future semantic verification only; no value analysis, boundary inference or v1 inclusion."
A003-D018,unresolved_configuration_field_presence,info,,cuvf,Declared in 201 canonical header column lists.,"Candidate for future semantic verification only; no value analysis, boundary inference or v1 inclusion."
A003-D019,unresolved_configuration_field_presence,info,,atilt,Declared in 201 canonical header column lists.,"Candidate for future semantic verification only; no value analysis, boundary inference or v1 inclusion."
A003-D020,unresolved_configuration_field_presence,info,,atrans,Declared in 201 canonical header column lists.,"Candidate for future semantic verification only; no value analysis, boundary inference or v1 inclusion."
A003-D021,unresolved_configuration_field_presence,info,,mtilt,Declared in 201 canonical header column lists.,"Candidate for future semantic verification only; no value analysis, boundary inference or v1 inclusion."
A003-D022,unresolved_configuration_field_presence,info,,mtrans,Declared in 201 canonical header column lists.,"Candidate for future semantic verification only; no value analysis, boundary inference or v1 inclusion."
A003-D023,unresolved_configuration_field_presence,info,,pa_bottom,Declared in 201 canonical header column lists.,"Candidate for future semantic verification only; no value analysis, boundary inference or v1 inclusion."
A003-D024,unresolved_configuration_field_presence,info,,pa_left,Declared in 201 canonical header column lists.,"Candidate for future semantic verification only; no value analysis, boundary inference or v1 inclusion."
A003-D025,unresolved_configuration_field_presence,info,,pa_right,Declared in 201 canonical header column lists.,"Candidate for future semantic verification only; no value analysis, boundary inference or v1 inclusion."
A003-D026,unresolved_configuration_field_presence,info,,pa_top,Declared in 201 canonical header column lists.,"Candidate for future semantic verification only; no value analysis, boundary inference or v1 inclusion."
A003-D027,unresolved_configuration_field_presence,info,,ps_bottom,Declared in 201 canonical header column lists.,"Candidate for future semantic verification only; no value analysis, boundary inference or v1 inclusion."
A003-D028,unresolved_configuration_field_presence,info,,ps_left,Declared in 201 canonical header column lists.,"Candidate for future semantic verification only; no value analysis, boundary inference or v1 inclusion."
A003-D029,unresolved_configuration_field_presence,info,,ps_right,Declared in 201 canonical header column lists.,"Candidate for future semantic verification only; no value analysis, boundary inference or v1 inclusion."
A003-D030,unresolved_configuration_field_presence,info,,ps_top,Declared in 201 canonical header column lists.,"Candidate for future semantic verification only; no value analysis, boundary inference or v1 inclusion."
A003-D031,unresolved_configuration_field_presence,info,,vs_left,Declared in 201 canonical header column lists.,"Candidate for future semantic verification only; no value analysis, boundary inference or v1 inclusion."
A003-D032,unresolved_configuration_field_presence,info,,vs_right,Declared in 201 canonical header column lists.,"Candidate for future semantic verification only; no value analysis, boundary inference or v1 inclusion."
A003-D033,excluded_header_value_diagnostic,info,,sense,"{""[\""-\""]"":201}",Recorded variation is not verified normalization-hardware reconfiguration; no v1 identity extension.
A003-D034,excluded_header_value_diagnostic,info,,samplemosaic,"{""[\""0.3\""]"":201}",Recorded variation is not verified normalization-hardware reconfiguration; no v1 identity extension.
A003-D035,excluded_header_value_diagnostic,info,,plane_normal,"{""[\""\""]"":201}",Recorded variation is not verified normalization-hardware reconfiguration; no v1 identity extension.
A003-D036,excluded_header_value_diagnostic,info,,ubconf,"{""[\""\""]"":201}",Recorded variation is not verified normalization-hardware reconfiguration; no v1 identity extension.
