centroid,complex_id,component_id,final_K,fit_status,fitted_background_parameters,integrated_area,log_likelihood,model_id,numerical_convergence_status,observed_empirical_fwhm,optimizer_stability_status,parameter_status,reason,scan_id,scientific_status,start_count
,CX-01,C01,1,numerical_failure,,,,K1,warning,,unresolved,not_estimated,final_fit_numerical_failure,SCAN-02R-059bd02c78268a2b,not_estimated,16
,CX-01,C01,1,numerical_failure,,,,K1,warning,,unresolved,not_estimated,final_fit_numerical_failure,SCAN-02R-0e6d00a831c04e8d,not_estimated,16
,CX-01,C01,1,numerical_failure,,,,K1,warning,,unresolved,not_estimated,final_fit_numerical_failure,SCAN-02R-26c5588a4a75efc2,not_estimated,16
,CX-01,C01,1,numerical_failure,,,,K1,warning,,unresolved,not_estimated,final_fit_numerical_failure,SCAN-02R-2f690557cfd20bec,not_estimated,16
,CX-01,C01,1,numerical_failure,,,,K1,warning,,unresolved,not_estimated,final_fit_numerical_failure,SCAN-02R-306a96179bd778b6,not_estimated,16
,CX-01,C01,1,numerical_failure,,,,K1,warning,,unresolved,not_estimated,final_fit_numerical_failure,SCAN-02R-3f903a520f921d83,not_estimated,16
,CX-01,C01,1,numerical_failure,,,,K1,warning,,unresolved,not_estimated,final_fit_numerical_failure,SCAN-02R-43979cdff2eef525,not_estimated,16
,CX-01,C01,1,numerical_failure,,,,K1,warning,,unresolved,not_estimated,final_fit_numerical_failure,SCAN-02R-45d1daf515e218b6,not_estimated,16
,CX-01,C01,1,numerical_failure,,,,K1,warning,,unresolved,not_estimated,final_fit_numerical_failure,SCAN-02R-4ad1398a663b7933,not_estimated,16
,CX-01,C01,1,numerical_failure,,,,K1,warning,,unresolved,not_estimated,final_fit_numerical_failure,SCAN-02R-4d54ea7698000638,not_estimated,16
,CX-01,C01,1,numerical_failure,,,,K1,warning,,unresolved,not_estimated,final_fit_numerical_failure,SCAN-02R-4f5e09d1864ac832,not_estimated,16
,CX-01,C01,1,numerical_failure,,,,K1,warning,,unresolved,not_estimated,final_fit_numerical_failure,SCAN-02R-5e52d7e5fbefbc05,not_estimated,16
,CX-01,C01,1,numerical_failure,,,,K1,warning,,unresolved,not_estimated,final_fit_numerical_failure,SCAN-02R-6fded6b51e0642a8,not_estimated,16
,CX-01,C01,1,numerical_failure,,,,K1,warning,,unresolved,not_estimated,final_fit_numerical_failure,SCAN-02R-708cf4d83a29d78f,not_estimated,16
,CX-01,C01,1,numerical_failure,,,,K1,warning,,unresolved,not_estimated,final_fit_numerical_failure,SCAN-02R-7118d0dce593edea,not_estimated,16
,CX-01,C01,1,numerical_failure,,,,K1,warning,,unresolved,not_estimated,final_fit_numerical_failure,SCAN-02R-731f452fb62a55bd,not_estimated,16
,CX-01,C01,1,numerical_failure,,,,K1,warning,,unresolved,not_estimated,final_fit_numerical_failure,SCAN-02R-75faa4a614a8f130,not_estimated,16
,CX-01,C01,1,numerical_failure,,,,K1,warning,,unresolved,not_estimated,final_fit_numerical_failure,SCAN-02R-774f62fc1777bc6b,not_estimated,16
,CX-01,C01,1,numerical_failure,,,,K1,warning,,unresolved,not_estimated,final_fit_numerical_failure,SCAN-02R-77b71bd09c7eb4b4,not_estimated,16
,CX-01,C01,1,numerical_failure,,,,K1,warning,,unresolved,not_estimated,final_fit_numerical_failure,SCAN-02R-8345a5938afc1084,not_estimated,16
,CX-01,C01,1,numerical_failure,,,,K1,warning,,unresolved,not_estimated,final_fit_numerical_failure,SCAN-02R-8641a638f4880175,not_estimated,16
,CX-01,C01,1,numerical_failure,,,,K1,warning,,unresolved,not_estimated,final_fit_numerical_failure,SCAN-02R-89614c0503a95275,not_estimated,16
,CX-01,C01,1,numerical_failure,,,,K1,warning,,unresolved,not_estimated,final_fit_numerical_failure,SCAN-02R-8ca6316615b8cbae,not_estimated,16
,CX-01,C01,1,numerical_failure,,,,K1,warning,,unresolved,not_estimated,final_fit_numerical_failure,SCAN-02R-8dcd5041a8a4e044,not_estimated,16
,CX-01,C01,1,numerical_failure,,,,K1,warning,,unresolved,not_estimated,final_fit_numerical_failure,SCAN-02R-8e62e3b1b9deee81,not_estimated,16
,CX-01,C01,1,numerical_failure,,,,K1,warning,,unresolved,not_estimated,final_fit_numerical_failure,SCAN-02R-91de8f7a5ce6984b,not_estimated,16
,CX-01,C01,1,numerical_failure,,,,K1,warning,,unresolved,not_estimated,final_fit_numerical_failure,SCAN-02R-91f840c137c7a43c,not_estimated,16
,CX-01,C01,1,numerical_failure,,,,K1,warning,,unresolved,not_estimated,final_fit_numerical_failure,SCAN-02R-957a8834d758202b,not_estimated,16
,CX-01,C01,1,numerical_failure,,,,K1,warning,,unresolved,not_estimated,final_fit_numerical_failure,SCAN-02R-abcd8030795bc9cb,not_estimated,16
,CX-01,C01,1,numerical_failure,,,,K1,warning,,unresolved,not_estimated,final_fit_numerical_failure,SCAN-02R-ae86f327e3ed5623,not_estimated,16
,CX-01,C01,1,numerical_failure,,,,K1,warning,,unresolved,not_estimated,final_fit_numerical_failure,SCAN-02R-b704f6a14f738619,not_estimated,16
,CX-01,C01,1,numerical_failure,,,,K1,warning,,unresolved,not_estimated,final_fit_numerical_failure,SCAN-02R-c5843105fb81b54c,not_estimated,16
,CX-01,C01,1,numerical_failure,,,,K1,warning,,unresolved,not_estimated,final_fit_numerical_failure,SCAN-02R-c7a73b4824a01210,not_estimated,16
,CX-01,C01,1,numerical_failure,,,,K1,warning,,unresolved,not_estimated,final_fit_numerical_failure,SCAN-02R-ebc55d8b20e3cec0,not_estimated,16
,CX-01,C01,1,numerical_failure,,,,K1,warning,,unresolved,not_estimated,final_fit_numerical_failure,SCAN-02R-eea1fadd4abbd144,not_estimated,16
,CX-01,C01,1,numerical_failure,,,,K1,warning,,unresolved,not_estimated,final_fit_numerical_failure,SCAN-02R-f36bb8e354cf21b7,not_estimated,16
,CX-01,C01,1,numerical_failure,,,,K1,warning,,unresolved,not_estimated,final_fit_numerical_failure,SCAN-02R-f380a5a0600b447a,not_estimated,16
,CX-01,C01,1,numerical_failure,,,,K1,warning,,unresolved,not_estimated,final_fit_numerical_failure,SCAN-02R-f56f915bc229d6aa,not_estimated,16
,CX-01,C01,1,numerical_failure,,,,K1,warning,,unresolved,not_estimated,final_fit_numerical_failure,SCAN-02R-f87c8c3cd06321c2,not_estimated,16
,CX-01,C01,1,numerical_failure,,,,K1,warning,,unresolved,not_estimated,final_fit_numerical_failure,SCAN-02R-fb62d31e5c3c1dbf,not_estimated,16
,CX-01,C01,1,numerical_failure,,,,K1,warning,,unresolved,not_estimated,final_fit_numerical_failure,SCAN-02R-fede66c26a275769,not_estimated,16
17.551964925059764,CX-02,C01,1,valid,"{""b0"": -11.87725081416394, ""b1"": -2.3656777565288736}",2.2270522055045847e-06,-11991.208729518832,K1,warning,0.06000699999999995,unresolved,estimated,,SCAN-02R-059bd02c78268a2b,estimate_numerically_unresolved,16
17.551964925059764,CX-02,C01,1,valid,"{""b0"": -11.935995613269776, ""b1"": -1.6920238064237458}",2.461117328157473e-06,-11991.208729518832,K1,warning,0.06000699999999995,unresolved,estimated,,SCAN-02R-0e6d00a831c04e8d,estimate_numerically_unresolved,16
17.551964925059764,CX-02,C01,1,valid,"{""b0"": -12.220791439747426, ""b1"": -3.2303371757093347}",1.9940112323530806e-06,-11991.208729518832,K1,warning,0.06000699999999995,unresolved,estimated,,SCAN-02R-26c5588a4a75efc2,estimate_numerically_unresolved,16
17.551964925059764,CX-02,C01,1,valid,"{""b0"": -11.750046295394737, ""b1"": -2.4290704568803023}",2.0783047284936426e-06,-11991.208729518832,K1,warning,0.06000699999999995,unresolved,estimated,,SCAN-02R-2f690557cfd20bec,estimate_numerically_unresolved,16
17.551964925059764,CX-02,C01,1,valid,"{""b0"": -11.57768258135922, ""b1"": -2.4943831024897998}",2.622049262778533e-06,-11991.208729518832,K1,warning,0.06000699999999995,unresolved,estimated,,SCAN-02R-306a96179bd778b6,estimate_numerically_unresolved,16
17.551964925059764,CX-02,C01,1,valid,"{""b0"": -12.241504030726018, ""b1"": -3.0314038289515812}",1.8386562114638483e-06,-11991.208729518832,K1,warning,0.06000699999999995,unresolved,estimated,,SCAN-02R-3f903a520f921d83,estimate_numerically_unresolved,16
17.551964925059764,CX-02,C01,1,valid,"{""b0"": -9.546412767098365, ""b1"": 0.5926004671563156}",1.0263154816562915e-05,-11991.208729518832,K1,warning,0.06000699999999995,unresolved,estimated,,SCAN-02R-43979cdff2eef525,estimate_numerically_unresolved,16
17.551964925059764,CX-02,C01,1,valid,"{""b0"": -12.279769681531329, ""b1"": -2.855944581913128}",1.9115822713563122e-06,-11991.208729518832,K1,warning,0.06000699999999995,unresolved,estimated,,SCAN-02R-45d1daf515e218b6,estimate_numerically_unresolved,16
17.551964925059764,CX-02,C01,1,valid,"{""b0"": -12.183390632407722, ""b1"": -3.185406807992473}",2.0149495714610543e-06,-11991.208729518832,K1,warning,0.06000699999999995,unresolved,estimated,,SCAN-02R-4ad1398a663b7933,estimate_numerically_unresolved,16
17.551964925059764,CX-02,C01,1,valid,"{""b0"": -11.189251246688672, ""b1"": -1.3039262212961147}",3.480354183160303e-06,-11991.208729518832,K1,warning,0.06000699999999995,unresolved,estimated,,SCAN-02R-4eb3495e2e32dd73,estimate_numerically_unresolved,16
17.551964925059764,CX-02,C01,1,valid,"{""b0"": -11.014149320750917, ""b1"": -1.1407425664741409}",3.5640974591381173e-06,-11991.208729518832,K1,warning,0.06000699999999995,unresolved,estimated,,SCAN-02R-51f6ed2eb7632349,estimate_numerically_unresolved,16
17.551964925059764,CX-02,C01,1,valid,"{""b0"": -11.434641890059847, ""b1"": -1.5607486198480018}",3.3442878290572113e-06,-11991.208729518832,K1,warning,0.06000699999999995,unresolved,estimated,,SCAN-02R-68a1fdbd8955d9a4,estimate_numerically_unresolved,16
17.551964925059764,CX-02,C01,1,valid,"{""b0"": -11.615029550008646, ""b1"": -2.1305318770711663}",2.2931561893589977e-06,-11991.208729518832,K1,warning,0.06000699999999995,unresolved,estimated,,SCAN-02R-6fded6b51e0642a8,estimate_numerically_unresolved,16
17.551964925059764,CX-02,C01,1,valid,"{""b0"": -11.976687766999621, ""b1"": -2.4631846583673105}",2.193992678467798e-06,-11991.208729518832,K1,warning,0.06000699999999995,unresolved,estimated,,SCAN-02R-708cf4d83a29d78f,estimate_numerically_unresolved,16
17.551964925059764,CX-02,C01,1,valid,"{""b0"": -11.772819848667524, ""b1"": -2.748936096728156}",2.4650389162990346e-06,-11991.208729518832,K1,warning,0.06000699999999995,unresolved,estimated,,SCAN-02R-7118d0dce593edea,estimate_numerically_unresolved,16
17.551964925059764,CX-02,C01,1,valid,"{""b0"": -7.953539532867913, ""b1"": -0.9851933912350347}",1.1351754858439031e-05,-11991.208729518832,K1,warning,0.06000699999999995,unresolved,estimated,,SCAN-02R-731f452fb62a55bd,estimate_numerically_unresolved,16
17.551964925059764,CX-02,C01,1,valid,"{""b0"": -12.048132562633919, ""b1"": -2.68812168480356}",1.9194338087102253e-06,-11991.208729518832,K1,warning,0.06000699999999995,unresolved,estimated,,SCAN-02R-75faa4a614a8f130,estimate_numerically_unresolved,16
17.551964925059764,CX-02,C01,1,valid,"{""b0"": -8.167097926652632, ""b1"": -0.6732355464853564}",1.0953986060591923e-05,-11991.208729518832,K1,warning,0.06000699999999995,unresolved,estimated,,SCAN-02R-774f62fc1777bc6b,estimate_numerically_unresolved,16
17.551964925059764,CX-02,C01,1,valid,"{""b0"": -11.587686305916202, ""b1"": -2.518123892209104}",2.5906474752003476e-06,-11991.208729518832,K1,warning,0.06000699999999995,unresolved,estimated,,SCAN-02R-77b71bd09c7eb4b4,estimate_numerically_unresolved,16
17.551964925059764,CX-02,C01,1,valid,"{""b0"": -11.741399062459456, ""b1"": -2.3092028756017458}",2.2105229219564585e-06,-11991.208729518832,K1,warning,0.06000699999999995,unresolved,estimated,,SCAN-02R-8345a5938afc1084,estimate_numerically_unresolved,16
17.551964925059764,CX-02,C01,1,valid,"{""b0"": -9.727216289270787, ""b1"": 1.396760204827563}",9.875858431121339e-06,-11991.208729518832,K1,warning,0.06000699999999995,unresolved,estimated,,SCAN-02R-8641a638f4880175,estimate_numerically_unresolved,16
17.551964925059764,CX-02,C01,1,valid,"{""b0"": -12.140478450678026, ""b1"": -2.6412627446096857}",2.005789563610405e-06,-11991.208729518832,K1,warning,0.06000699999999995,unresolved,estimated,,SCAN-02R-89614c0503a95275,estimate_numerically_unresolved,16
20.340017599224666,CX-02,C01,1,valid,"{""b0"": -11.053050943621844, ""b1"": 1.0963114530620777}",0.0023005476144394798,-11991.208729518832,K1,warning,111.73545269423272,unresolved,estimated,,SCAN-02R-8ca6316615b8cbae,estimate_numerically_unresolved,16
17.551964925059764,CX-02,C01,1,valid,"{""b0"": -8.730334642947115, ""b1"": 0.003610227900708751}",1.0524824451070503e-05,-11991.208729518832,K1,warning,0.06000699999999995,unresolved,estimated,,SCAN-02R-8dcd5041a8a4e044,estimate_numerically_unresolved,16
17.551964925059764,CX-02,C01,1,valid,"{""b0"": -12.2819542208385, ""b1"": -2.995221864248219}",1.621118518857303e-06,-11991.208729518832,K1,warning,0.06000699999999995,unresolved,estimated,,SCAN-02R-8e62e3b1b9deee81,estimate_numerically_unresolved,16
17.551964925059764,CX-02,C01,1,valid,"{""b0"": -8.575271534933801, ""b1"": 0.3076587621787641}",1.035733259572096e-05,-11991.208729518832,K1,warning,0.06000699999999995,unresolved,estimated,,SCAN-02R-91de8f7a5ce6984b,estimate_numerically_unresolved,16
17.551964925059764,CX-02,C01,1,valid,"{""b0"": -11.60571630206906, ""b1"": -2.543914829094387}",2.5697163764243256e-06,-11991.208729518832,K1,warning,0.06000699999999995,unresolved,estimated,,SCAN-02R-91f840c137c7a43c,estimate_numerically_unresolved,16
17.551964925059764,CX-02,C01,1,valid,"{""b0"": -12.234950958080432, ""b1"": -3.033244448107621}",1.8138669777617387e-06,-11991.208729518832,K1,warning,0.06000699999999995,unresolved,estimated,,SCAN-02R-957a8834d758202b,estimate_numerically_unresolved,16
17.551964925059764,CX-02,C01,1,valid,"{""b0"": -12.349641410743615, ""b1"": -3.1009988644607516}",1.7951327877890961e-06,-11991.208729518832,K1,warning,0.06000699999999995,unresolved,estimated,,SCAN-02R-abcd8030795bc9cb,estimate_numerically_unresolved,16
17.551964925059764,CX-02,C01,1,valid,"{""b0"": -12.040065818207653, ""b1"": -2.7808909730191425}",1.8138645229156184e-06,-11991.208729518832,K1,warning,0.06000699999999995,unresolved,estimated,,SCAN-02R-ae86f327e3ed5623,estimate_numerically_unresolved,16
17.551964925059764,CX-02,C01,1,valid,"{""b0"": -11.822208030025623, ""b1"": -2.2035375886906374}",2.1863520629218576e-06,-11991.208729518832,K1,warning,0.06000699999999995,unresolved,estimated,,SCAN-02R-c5843105fb81b54c,estimate_numerically_unresolved,16
17.551964925059764,CX-02,C01,1,valid,"{""b0"": -11.832941433865393, ""b1"": -2.8143272049705197}",2.2766265639273874e-06,-11991.208729518832,K1,warning,0.06000699999999995,unresolved,estimated,,SCAN-02R-ebc55d8b20e3cec0,estimate_numerically_unresolved,16
17.551964925059764,CX-02,C01,1,valid,"{""b0"": -11.969296326265246, ""b1"": -2.7074451848777614}",1.9460836085967908e-06,-11991.208729518832,K1,warning,0.06000699999999995,unresolved,estimated,,SCAN-02R-eea1fadd4abbd144,estimate_numerically_unresolved,16
17.551964925059764,CX-02,C01,1,valid,"{""b0"": -11.86275977691495, ""b1"": -2.402319489224264}",2.0607435855122513e-06,-11991.208729518832,K1,warning,0.06000699999999995,unresolved,estimated,,SCAN-02R-f36bb8e354cf21b7,estimate_numerically_unresolved,16
17.551964925059764,CX-02,C01,1,valid,"{""b0"": -11.854979678975964, ""b1"": -2.37848231644759}",2.07644300585179e-06,-11991.208729518832,K1,warning,0.06000699999999995,unresolved,estimated,,SCAN-02R-f380a5a0600b447a,estimate_numerically_unresolved,16
17.551964925059764,CX-02,C01,1,valid,"{""b0"": -11.839025868658876, ""b1"": -2.3584892915543825}",2.084296727309941e-06,-11991.208729518832,K1,warning,0.06000699999999995,unresolved,estimated,,SCAN-02R-f56f915bc229d6aa,estimate_numerically_unresolved,16
17.551964925059764,CX-02,C01,1,valid,"{""b0"": -12.09063784663472, ""b1"": -2.379136740404695}",2.147096714446816e-06,-11991.208729518832,K1,warning,0.06000699999999995,unresolved,estimated,,SCAN-02R-f87c8c3cd06321c2,estimate_numerically_unresolved,16
17.551964925059764,CX-02,C01,1,valid,"{""b0"": -11.781315921234707, ""b1"": -2.3989582229174973}",2.1526787571575317e-06,-11991.208729518832,K1,warning,0.06000699999999995,unresolved,estimated,,SCAN-02R-fede66c26a275769,estimate_numerically_unresolved,16
40.606256468046574,CX-03,C01,1,valid,"{""b0"": -9.251937080520918, ""b1"": 0.1316742870234812}",1.047925482683554e-05,-1467.152812489857,K1,warning,0.11998800000000003,unresolved,estimated,,SCAN-02R-074afad5a6b92ea4,estimate_numerically_unresolved,16
40.606256468046574,CX-03,C01,1,valid,"{""b0"": -9.33555011936094, ""b1"": 0.19733482376775258}",9.779535297264247e-06,-1467.152812489857,K1,warning,0.11998800000000003,unresolved,estimated,,SCAN-02R-1e5b02c69224108d,estimate_numerically_unresolved,16
40.606256468046574,CX-03,C01,1,valid,"{""b0"": -9.457679135217727, ""b1"": 0.4005594063620236}",8.936309220035095e-06,-1467.152812489857,K1,warning,0.11998800000000003,unresolved,estimated,,SCAN-02R-26c5588a4a75efc2,estimate_numerically_unresolved,16
40.606256468046574,CX-03,C01,1,valid,"{""b0"": -9.314960259942795, ""b1"": 0.059752998106889416}",9.905694763556659e-06,-1467.152812489857,K1,warning,0.11998800000000003,unresolved,estimated,,SCAN-02R-2a0e91f43e0fe127,estimate_numerically_unresolved,16
40.606256468046574,CX-03,C01,1,valid,"{""b0"": -9.441638061323989, ""b1"": 0.12401135609053344}",8.748330192933813e-06,-1467.152812489857,K1,warning,0.11998800000000003,unresolved,estimated,,SCAN-02R-306a96179bd778b6,estimate_numerically_unresolved,16
40.606256468046574,CX-03,C01,1,valid,"{""b0"": -9.174731722227703, ""b1"": 0.15504338702163062}",1.138809987969396e-05,-1467.152812489857,K1,warning,0.11998800000000003,unresolved,estimated,,SCAN-02R-432159a75d80f2b3,estimate_numerically_unresolved,16
40.606256468046574,CX-03,C01,1,valid,"{""b0"": -9.40123986739983, ""b1"": 0.13611733222826258}",9.185379950356609e-06,-1467.152812489857,K1,warning,0.11998800000000003,unresolved,estimated,,SCAN-02R-4ad1398a663b7933,estimate_numerically_unresolved,16
40.606256468046574,CX-03,C01,1,valid,"{""b0"": -9.346911701722243, ""b1"": 0.1140543305881078}",9.495674686772274e-06,-1467.152812489857,K1,warning,0.11998800000000003,unresolved,estimated,,SCAN-02R-4eb3495e2e32dd73,estimate_numerically_unresolved,16
40.606256468046574,CX-03,C01,1,valid,"{""b0"": -9.559996035212185, ""b1"": 0.24126722444160284}",7.901623749756508e-06,-1467.152812489857,K1,warning,0.11998800000000003,unresolved,estimated,,SCAN-02R-51f6ed2eb7632349,estimate_numerically_unresolved,16
40.606256468046574,CX-03,C01,1,valid,"{""b0"": -9.516038098100834, ""b1"": 0.17704535251180936}",8.206562071683958e-06,-1467.152812489857,K1,warning,0.11998800000000003,unresolved,estimated,,SCAN-02R-68a1fdbd8955d9a4,estimate_numerically_unresolved,16
40.606256468046574,CX-03,C01,1,valid,"{""b0"": -9.518630868677809, ""b1"": 0.187775215153913}",8.13863969788186e-06,-1467.152812489857,K1,warning,0.11998800000000003,unresolved,estimated,,SCAN-02R-7118d0dce593edea,estimate_numerically_unresolved,16
40.606256468046574,CX-03,C01,1,valid,"{""b0"": -9.240866517798143, ""b1"": 0.3014634992047975}",1.0863711395737212e-05,-1467.152812489857,K1,warning,0.11998800000000003,unresolved,estimated,,SCAN-02R-762111064d108c6d,estimate_numerically_unresolved,16
40.606256468046574,CX-03,C01,1,valid,"{""b0"": -9.560476953070197, ""b1"": 0.07165004838294667}",7.757703958151808e-06,-1467.152812489857,K1,warning,0.11998800000000003,unresolved,estimated,,SCAN-02R-77b71bd09c7eb4b4,estimate_numerically_unresolved,16
40.606256468046574,CX-03,C01,1,valid,"{""b0"": -9.383438703034573, ""b1"": 0.18049071807182065}",9.366714762120835e-06,-1467.152812489857,K1,warning,0.11998800000000003,unresolved,estimated,,SCAN-02R-79e659b84aa4786d,estimate_numerically_unresolved,16
40.606256468046574,CX-03,C01,1,valid,"{""b0"": -9.561948816835542, ""b1"": 0.22247074039960918}",7.869531429471411e-06,-1467.152812489857,K1,warning,0.11998800000000003,unresolved,estimated,,SCAN-02R-91f840c137c7a43c,estimate_numerically_unresolved,16
40.606256468046574,CX-03,C01,1,valid,"{""b0"": -9.42419360683916, ""b1"": 0.22732488862124617}",8.900783442516395e-06,-1467.152812489857,K1,warning,0.11998800000000003,unresolved,estimated,,SCAN-02R-abcd8030795bc9cb,estimate_numerically_unresolved,16
40.606256468046574,CX-03,C01,1,valid,"{""b0"": -9.028445481266129, ""b1"": 0.448894331763996}",1.373878944621322e-05,-1467.152812489857,K1,warning,0.11998800000000003,unresolved,estimated,,SCAN-02R-d2b7e9ee069bd20e,estimate_numerically_unresolved,16
40.606256468046574,CX-03,C01,1,valid,"{""b0"": -9.707909735589729, ""b1"": 0.1033488852105305}",6.823982497650243e-06,-1467.152812489857,K1,warning,0.11998800000000003,unresolved,estimated,,SCAN-02R-ebc55d8b20e3cec0,estimate_numerically_unresolved,16
40.606256468046574,CX-03,C01,1,valid,"{""b0"": -9.188600397707495, ""b1"": 0.3864801086835849}",1.1581600793188683e-05,-1467.152812489857,K1,warning,0.11998800000000003,unresolved,estimated,,SCAN-02R-ef6a11424f751d3f,estimate_numerically_unresolved,16
40.606256468046574,CX-03,C01,1,valid,"{""b0"": -8.81505135360608, ""b1"": 0.1537800000540637}",1.6401788980596328e-05,-1467.152812489857,K1,warning,0.11998800000000003,unresolved,estimated,,SCAN-02R-f71173d3ec0c732c,estimate_numerically_unresolved,16
