dataset_id,file_record_id,scan_record_id,raw_format_id,diagnostic_type,severity,field_or_section,source_line_number,message
EXP-TAIPAN-001,FILE-02R-038cf4e529ce94a2,SCAN-02R-26c5588a4a75efc2,FMT-02R-06137a7de1ad,duplicate_declared_label,info,en,31,All occurrences preserved by source_column_index; first occurrence only selected for wide mapping.
EXP-TAIPAN-001,FILE-02R-0481b23618cb53b9,SCAN-02R-79e659b84aa4786d,FMT-02R-06137a7de1ad,duplicate_declared_label,info,en,31,All occurrences preserved by source_column_index; first occurrence only selected for wide mapping.
EXP-TAIPAN-001,FILE-02R-05fe96ea32344287,SCAN-02R-ef6a11424f751d3f,FMT-02R-06137a7de1ad,duplicate_declared_label,info,en,31,All occurrences preserved by source_column_index; first occurrence only selected for wide mapping.
EXP-TAIPAN-001,FILE-02R-0c5324e654c50b30,SCAN-02R-7a0b878c4f9bf5c8,FMT-02R-06137a7de1ad,duplicate_declared_label,info,en,31,All occurrences preserved by source_column_index; first occurrence only selected for wide mapping.
EXP-TAIPAN-001,FILE-02R-0e4b375279b4dbff,SCAN-02R-7bf9711c804eecbc,FMT-02R-365d8346d6ba,duplicate_declared_label,info,sgu,31,All occurrences preserved by source_column_index; first occurrence only selected for wide mapping.
EXP-TAIPAN-001,FILE-02R-11dfd86ada18ae28,SCAN-02R-33c7ae4485edcd17,FMT-02R-00e53630cd36,duplicate_declared_label,info,s1,31,All occurrences preserved by source_column_index; first occurrence only selected for wide mapping.
EXP-TAIPAN-001,FILE-02R-11e5fd16724f5c83,SCAN-02R-c676d8c64735e535,FMT-02R-06137a7de1ad,duplicate_declared_label,info,en,31,All occurrences preserved by source_column_index; first occurrence only selected for wide mapping.
EXP-TAIPAN-001,FILE-02R-155f77862ca36b4b,SCAN-02R-8dcd5041a8a4e044,FMT-02R-06137a7de1ad,duplicate_declared_label,info,en,31,All occurrences preserved by source_column_index; first occurrence only selected for wide mapping.
EXP-TAIPAN-001,FILE-02R-17224ccc44605cc6,SCAN-02R-598c5cedd335b846,FMT-02R-06137a7de1ad,duplicate_declared_label,info,en,31,All occurrences preserved by source_column_index; first occurrence only selected for wide mapping.
EXP-TAIPAN-001,FILE-02R-18739ff9a41fff35,SCAN-02R-022f7aa0bc71f84f,FMT-02R-00e53630cd36,duplicate_declared_label,info,s1,31,All occurrences preserved by source_column_index; first occurrence only selected for wide mapping.
EXP-TAIPAN-001,FILE-02R-1ac62a8e73779958,SCAN-02R-8ca6316615b8cbae,FMT-02R-06137a7de1ad,duplicate_declared_label,info,en,31,All occurrences preserved by source_column_index; first occurrence only selected for wide mapping.
EXP-TAIPAN-001,FILE-02R-1b6fdf0a79b56cdf,SCAN-02R-8345a5938afc1084,FMT-02R-06137a7de1ad,duplicate_declared_label,info,en,31,All occurrences preserved by source_column_index; first occurrence only selected for wide mapping.
EXP-TAIPAN-001,FILE-02R-1cbaba74f1870c27,SCAN-02R-e56a9b34b0768e57,FMT-02R-fb75879b9023,duplicate_declared_label,info,qk,31,All occurrences preserved by source_column_index; first occurrence only selected for wide mapping.
EXP-TAIPAN-001,FILE-02R-2418706b7fadc72a,SCAN-02R-7044f49c95edc115,FMT-02R-a20370d76087,duplicate_declared_label,info,sgl,31,All occurrences preserved by source_column_index; first occurrence only selected for wide mapping.
EXP-TAIPAN-001,FILE-02R-242f8e9d18702c73,SCAN-02R-d24a90ed870ef8e6,FMT-02R-00e53630cd36,duplicate_declared_label,info,s1,31,All occurrences preserved by source_column_index; first occurrence only selected for wide mapping.
EXP-TAIPAN-001,FILE-02R-2467de187102a2bb,SCAN-02R-41d12941c2dac178,FMT-02R-06137a7de1ad,duplicate_declared_label,info,en,31,All occurrences preserved by source_column_index; first occurrence only selected for wide mapping.
EXP-TAIPAN-001,FILE-02R-27510edb47af6e55,SCAN-02R-920194e62af87181,FMT-02R-a20370d76087,duplicate_declared_label,info,sgl,31,All occurrences preserved by source_column_index; first occurrence only selected for wide mapping.
EXP-TAIPAN-001,FILE-02R-2794450f4a6036d5,SCAN-02R-ccdf6f79b6e3b5fc,FMT-02R-de66a609ccd2,duplicate_declared_label,info,s2,31,All occurrences preserved by source_column_index; first occurrence only selected for wide mapping.
EXP-TAIPAN-001,FILE-02R-2bd766e8241454cd,SCAN-02R-1dda1db143c363ba,FMT-02R-a20370d76087,duplicate_declared_label,info,sgl,31,All occurrences preserved by source_column_index; first occurrence only selected for wide mapping.
EXP-TAIPAN-001,FILE-02R-2c162a6d29875ba6,SCAN-02R-45d1daf515e218b6,FMT-02R-06137a7de1ad,duplicate_declared_label,info,en,31,All occurrences preserved by source_column_index; first occurrence only selected for wide mapping.
EXP-TAIPAN-001,FILE-02R-31885f2e20fbb807,SCAN-02R-5215f80c458dc1c4,FMT-02R-06137a7de1ad,duplicate_declared_label,info,en,31,All occurrences preserved by source_column_index; first occurrence only selected for wide mapping.
EXP-TAIPAN-001,FILE-02R-36fd407b4cac26bf,SCAN-02R-d453265e40ec7542,FMT-02R-fb75879b9023,duplicate_declared_label,info,qk,31,All occurrences preserved by source_column_index; first occurrence only selected for wide mapping.
EXP-TAIPAN-001,FILE-02R-373e6a33efd3f8e4,SCAN-02R-d7af0511d4c5b96e,FMT-02R-de66a609ccd2,duplicate_declared_label,info,s2,31,All occurrences preserved by source_column_index; first occurrence only selected for wide mapping.
EXP-TAIPAN-001,FILE-02R-397732717d35f929,SCAN-02R-118b7f0b82f35923,FMT-02R-fb75879b9023,duplicate_declared_label,info,qk,31,All occurrences preserved by source_column_index; first occurrence only selected for wide mapping.
EXP-TAIPAN-001,FILE-02R-39cecdc7b100cbe5,SCAN-02R-8c953d28ca426172,FMT-02R-92d14f023eb1,duplicate_declared_label,info,ei,31,All occurrences preserved by source_column_index; first occurrence only selected for wide mapping.
EXP-TAIPAN-001,FILE-02R-3bc37304a3ed3933,SCAN-02R-3796d374ac11519e,FMT-02R-00e53630cd36,duplicate_declared_label,info,s1,31,All occurrences preserved by source_column_index; first occurrence only selected for wide mapping.
EXP-TAIPAN-001,FILE-02R-3c1b75c58699b634,SCAN-02R-306a96179bd778b6,FMT-02R-06137a7de1ad,duplicate_declared_label,info,en,31,All occurrences preserved by source_column_index; first occurrence only selected for wide mapping.
EXP-TAIPAN-001,FILE-02R-410122dc0a0a0609,SCAN-02R-652afedf8df9a217,FMT-02R-00e53630cd36,duplicate_declared_label,info,s1,31,All occurrences preserved by source_column_index; first occurrence only selected for wide mapping.
EXP-TAIPAN-001,FILE-02R-4228d41a4d290624,SCAN-02R-f71173d3ec0c732c,FMT-02R-06137a7de1ad,duplicate_declared_label,info,en,31,All occurrences preserved by source_column_index; first occurrence only selected for wide mapping.
EXP-TAIPAN-001,FILE-02R-434a17bab71381e2,SCAN-02R-1c3a8acc71d9e5bd,FMT-02R-00e53630cd36,duplicate_declared_label,info,s1,31,All occurrences preserved by source_column_index; first occurrence only selected for wide mapping.
EXP-TAIPAN-001,FILE-02R-45874942b83e2b22,SCAN-02R-e1e2bf2dafefa081,FMT-02R-42b66acce1bb,duplicate_declared_label,info,ql,31,All occurrences preserved by source_column_index; first occurrence only selected for wide mapping.
EXP-TAIPAN-001,FILE-02R-45c03790c8247819,SCAN-02R-a37edad191409e00,FMT-02R-00e53630cd36,duplicate_declared_label,info,s1,31,All occurrences preserved by source_column_index; first occurrence only selected for wide mapping.
EXP-TAIPAN-001,FILE-02R-46dfb210c943bc7c,SCAN-02R-94943265720dfbae,FMT-02R-42b66acce1bb,duplicate_declared_label,info,ql,31,All occurrences preserved by source_column_index; first occurrence only selected for wide mapping.
EXP-TAIPAN-001,FILE-02R-47923655f1056cab,SCAN-02R-432159a75d80f2b3,FMT-02R-06137a7de1ad,duplicate_declared_label,info,en,31,All occurrences preserved by source_column_index; first occurrence only selected for wide mapping.
EXP-TAIPAN-001,FILE-02R-4a07ecce43a588a4,SCAN-02R-78bcb97650a5c779,FMT-02R-de66a609ccd2,duplicate_declared_label,info,s2,31,All occurrences preserved by source_column_index; first occurrence only selected for wide mapping.
EXP-TAIPAN-001,FILE-02R-4b7dc4f88327fb96,SCAN-02R-6f7239d1961a1e4d,FMT-02R-06137a7de1ad,duplicate_declared_label,info,en,31,All occurrences preserved by source_column_index; first occurrence only selected for wide mapping.
EXP-TAIPAN-001,FILE-02R-4bf9457dca51fccc,SCAN-02R-bc0f4f0c3548d67f,FMT-02R-00e53630cd36,duplicate_declared_label,info,s1,31,All occurrences preserved by source_column_index; first occurrence only selected for wide mapping.
EXP-TAIPAN-001,FILE-02R-4dae638e87018000,SCAN-02R-eb5b106ace121b92,FMT-02R-a20370d76087,duplicate_declared_label,info,sgl,31,All occurrences preserved by source_column_index; first occurrence only selected for wide mapping.
EXP-TAIPAN-001,FILE-02R-4ec5d8f394c2876a,SCAN-02R-42f2046fce901aec,FMT-02R-365d8346d6ba,duplicate_declared_label,info,sgu,31,All occurrences preserved by source_column_index; first occurrence only selected for wide mapping.
EXP-TAIPAN-001,FILE-02R-4f42c03f9a4a989b,SCAN-02R-4eb3495e2e32dd73,FMT-02R-06137a7de1ad,duplicate_declared_label,info,en,31,All occurrences preserved by source_column_index; first occurrence only selected for wide mapping.
EXP-TAIPAN-001,FILE-02R-50ed3a6aa1d85618,SCAN-02R-5b80daccf8c23dd0,FMT-02R-fb75879b9023,duplicate_declared_label,info,qk,31,All occurrences preserved by source_column_index; first occurrence only selected for wide mapping.
EXP-TAIPAN-001,FILE-02R-51cd8477e36147f8,SCAN-02R-c8f01d8d90de0c04,FMT-02R-00e53630cd36,duplicate_declared_label,info,s1,31,All occurrences preserved by source_column_index; first occurrence only selected for wide mapping.
EXP-TAIPAN-001,FILE-02R-5220bed93a198b55,SCAN-02R-059bd02c78268a2b,FMT-02R-06137a7de1ad,duplicate_declared_label,info,en,31,All occurrences preserved by source_column_index; first occurrence only selected for wide mapping.
EXP-TAIPAN-001,FILE-02R-52eba187558a3c67,SCAN-02R-8641a638f4880175,FMT-02R-06137a7de1ad,duplicate_declared_label,info,en,31,All occurrences preserved by source_column_index; first occurrence only selected for wide mapping.
EXP-TAIPAN-001,FILE-02R-548c132cbb5f17d6,SCAN-02R-20b2aca534749eb8,FMT-02R-42b66acce1bb,duplicate_declared_label,info,ql,31,All occurrences preserved by source_column_index; first occurrence only selected for wide mapping.
EXP-TAIPAN-001,FILE-02R-56a3d2571deda3b4,SCAN-02R-251028aabdf3c3e7,FMT-02R-a20370d76087,duplicate_declared_label,info,sgl,31,All occurrences preserved by source_column_index; first occurrence only selected for wide mapping.
EXP-TAIPAN-001,FILE-02R-575e049a16f2e04e,SCAN-02R-42d0a4d8bd2d58cc,FMT-02R-06137a7de1ad,duplicate_declared_label,info,en,31,All occurrences preserved by source_column_index; first occurrence only selected for wide mapping.
EXP-TAIPAN-001,FILE-02R-57f5d07be2ba1eae,SCAN-02R-7fc5c872db142199,FMT-02R-00e53630cd36,duplicate_declared_label,info,s1,31,All occurrences preserved by source_column_index; first occurrence only selected for wide mapping.
EXP-TAIPAN-001,FILE-02R-58cb1ca25197b413,SCAN-02R-76804d90690fee01,FMT-02R-42b66acce1bb,duplicate_declared_label,info,ql,31,All occurrences preserved by source_column_index; first occurrence only selected for wide mapping.
EXP-TAIPAN-001,FILE-02R-5a38e4c96d738a19,SCAN-02R-59fa80474896a50b,FMT-02R-365d8346d6ba,duplicate_declared_label,info,sgu,31,All occurrences preserved by source_column_index; first occurrence only selected for wide mapping.
EXP-TAIPAN-001,FILE-02R-5b72ee4e48fdf768,SCAN-02R-6fded6b51e0642a8,FMT-02R-06137a7de1ad,duplicate_declared_label,info,en,31,All occurrences preserved by source_column_index; first occurrence only selected for wide mapping.
EXP-TAIPAN-001,FILE-02R-5b79965e065191e7,SCAN-02R-643ff7e40bd97888,FMT-02R-06137a7de1ad,duplicate_declared_label,info,en,31,All occurrences preserved by source_column_index; first occurrence only selected for wide mapping.
EXP-TAIPAN-001,FILE-02R-5baa765c008151e1,SCAN-02R-3d7ecf2f3c542662,FMT-02R-365d8346d6ba,duplicate_declared_label,info,sgu,31,All occurrences preserved by source_column_index; first occurrence only selected for wide mapping.
EXP-TAIPAN-001,FILE-02R-5c81e383ba658579,SCAN-02R-f4c54e6724ab8666,FMT-02R-a96f4c9633b6,duplicate_declared_label,info,qk,31,All occurrences preserved by source_column_index; first occurrence only selected for wide mapping.
EXP-TAIPAN-001,FILE-02R-5c81e383ba658579,SCAN-02R-f4c54e6724ab8666,FMT-02R-a96f4c9633b6,duplicate_declared_label,info,ql,31,All occurrences preserved by source_column_index; first occurrence only selected for wide mapping.
EXP-TAIPAN-001,FILE-02R-6034a133895cf720,SCAN-02R-48f6ae0dc1c99d07,FMT-02R-06137a7de1ad,duplicate_declared_label,info,en,31,All occurrences preserved by source_column_index; first occurrence only selected for wide mapping.
EXP-TAIPAN-001,FILE-02R-617a2a398a2b60f6,SCAN-02R-43d400370d39ebe7,FMT-02R-00e53630cd36,duplicate_declared_label,info,s1,31,All occurrences preserved by source_column_index; first occurrence only selected for wide mapping.
EXP-TAIPAN-001,FILE-02R-6189a97c1406ead2,SCAN-02R-2c07251df8824bce,FMT-02R-de66a609ccd2,duplicate_declared_label,info,s2,31,All occurrences preserved by source_column_index; first occurrence only selected for wide mapping.
EXP-TAIPAN-001,FILE-02R-62d24cd256ac118d,SCAN-02R-87edbdf74d1e5fb1,FMT-02R-06137a7de1ad,duplicate_declared_label,info,en,31,All occurrences preserved by source_column_index; first occurrence only selected for wide mapping.
EXP-TAIPAN-001,FILE-02R-63cb694c40fcbcba,SCAN-02R-c5843105fb81b54c,FMT-02R-06137a7de1ad,duplicate_declared_label,info,en,31,All occurrences preserved by source_column_index; first occurrence only selected for wide mapping.
EXP-TAIPAN-001,FILE-02R-64501f6fb06d7fd7,SCAN-02R-f52305deb1f82a3a,FMT-02R-06137a7de1ad,duplicate_declared_label,info,en,31,All occurrences preserved by source_column_index; first occurrence only selected for wide mapping.
EXP-TAIPAN-001,FILE-02R-66851aafa89e085d,SCAN-02R-5e9a406134424e15,FMT-02R-a20370d76087,duplicate_declared_label,info,sgl,31,All occurrences preserved by source_column_index; first occurrence only selected for wide mapping.
EXP-TAIPAN-001,FILE-02R-67de6714e483831a,SCAN-02R-403532c05321d7d2,FMT-02R-06137a7de1ad,duplicate_declared_label,info,en,31,All occurrences preserved by source_column_index; first occurrence only selected for wide mapping.
EXP-TAIPAN-001,FILE-02R-695aceb0fa62cd6c,SCAN-02R-f4da1c738ba8c661,FMT-02R-92d14f023eb1,duplicate_declared_label,info,ei,31,All occurrences preserved by source_column_index; first occurrence only selected for wide mapping.
EXP-TAIPAN-001,FILE-02R-69a9daffcc832bf3,SCAN-02R-95f55247c2e05782,FMT-02R-de66a609ccd2,duplicate_declared_label,info,s2,31,All occurrences preserved by source_column_index; first occurrence only selected for wide mapping.
EXP-TAIPAN-001,FILE-02R-6a8bab42345cf933,SCAN-02R-af1610dac9676d6c,FMT-02R-00e53630cd36,duplicate_declared_label,info,s1,31,All occurrences preserved by source_column_index; first occurrence only selected for wide mapping.
EXP-TAIPAN-001,FILE-02R-6b300108d97c50d7,SCAN-02R-4979cab4b4eed413,FMT-02R-fb75879b9023,duplicate_declared_label,info,qk,31,All occurrences preserved by source_column_index; first occurrence only selected for wide mapping.
EXP-TAIPAN-001,FILE-02R-759b1548e2848432,SCAN-02R-0f8fb12fa9acc5a9,FMT-02R-fb75879b9023,duplicate_declared_label,info,qk,31,All occurrences preserved by source_column_index; first occurrence only selected for wide mapping.
EXP-TAIPAN-001,FILE-02R-794180199909af6d,SCAN-02R-51cfd518e3a0c6ec,FMT-02R-00e53630cd36,duplicate_declared_label,info,s1,31,All occurrences preserved by source_column_index; first occurrence only selected for wide mapping.
EXP-TAIPAN-001,FILE-02R-7987b5c1b8836d69,SCAN-02R-91f840c137c7a43c,FMT-02R-06137a7de1ad,duplicate_declared_label,info,en,31,All occurrences preserved by source_column_index; first occurrence only selected for wide mapping.
EXP-TAIPAN-001,FILE-02R-79943ebb90eea890,SCAN-02R-ebc55d8b20e3cec0,FMT-02R-06137a7de1ad,duplicate_declared_label,info,en,31,All occurrences preserved by source_column_index; first occurrence only selected for wide mapping.
EXP-TAIPAN-001,FILE-02R-79cf8c5a8e4232ec,SCAN-02R-3f903a520f921d83,FMT-02R-06137a7de1ad,duplicate_declared_label,info,en,31,All occurrences preserved by source_column_index; first occurrence only selected for wide mapping.
EXP-TAIPAN-001,FILE-02R-7adfcda5fa810ed3,SCAN-02R-c18c53ef408b1d89,FMT-02R-fb75879b9023,duplicate_declared_label,info,qk,31,All occurrences preserved by source_column_index; first occurrence only selected for wide mapping.
EXP-TAIPAN-001,FILE-02R-7b4c7320a63d5cd3,SCAN-02R-dc90a5b672d54c2c,FMT-02R-365d8346d6ba,duplicate_declared_label,info,sgu,31,All occurrences preserved by source_column_index; first occurrence only selected for wide mapping.
EXP-TAIPAN-001,FILE-02R-7becabec9104d679,SCAN-02R-51f6ed2eb7632349,FMT-02R-06137a7de1ad,duplicate_declared_label,info,en,31,All occurrences preserved by source_column_index; first occurrence only selected for wide mapping.
EXP-TAIPAN-001,FILE-02R-7cd079bcfb286b69,SCAN-02R-a4d537ac569af0ba,FMT-02R-de66a609ccd2,duplicate_declared_label,info,s2,31,All occurrences preserved by source_column_index; first occurrence only selected for wide mapping.
EXP-TAIPAN-001,FILE-02R-7cec5631778ed46c,SCAN-02R-097d0c674875ad7d,FMT-02R-a96f4c9633b6,duplicate_declared_label,info,qk,31,All occurrences preserved by source_column_index; first occurrence only selected for wide mapping.
EXP-TAIPAN-001,FILE-02R-7cec5631778ed46c,SCAN-02R-097d0c674875ad7d,FMT-02R-a96f4c9633b6,duplicate_declared_label,info,ql,31,All occurrences preserved by source_column_index; first occurrence only selected for wide mapping.
EXP-TAIPAN-001,FILE-02R-7d8d4710d9fda42d,SCAN-02R-88b013f641209af6,FMT-02R-06137a7de1ad,duplicate_declared_label,info,en,31,All occurrences preserved by source_column_index; first occurrence only selected for wide mapping.
EXP-TAIPAN-001,FILE-02R-805bf0b29dd5a40f,SCAN-02R-ae86f327e3ed5623,FMT-02R-06137a7de1ad,duplicate_declared_label,info,en,31,All occurrences preserved by source_column_index; first occurrence only selected for wide mapping.
EXP-TAIPAN-001,FILE-02R-8520bbc912b86a63,SCAN-02R-32cf60066cdcd074,FMT-02R-00e53630cd36,duplicate_declared_label,info,s1,31,All occurrences preserved by source_column_index; first occurrence only selected for wide mapping.
EXP-TAIPAN-001,FILE-02R-871111657c7b0483,SCAN-02R-2f690557cfd20bec,FMT-02R-06137a7de1ad,duplicate_declared_label,info,en,31,All occurrences preserved by source_column_index; first occurrence only selected for wide mapping.
EXP-TAIPAN-001,FILE-02R-8ae16df0090d9ece,SCAN-02R-71f68f9554b93f6c,FMT-02R-fb75879b9023,duplicate_declared_label,info,qk,31,All occurrences preserved by source_column_index; first occurrence only selected for wide mapping.
EXP-TAIPAN-001,FILE-02R-8c648da4a5a0c8a0,SCAN-02R-2161de9a5edbe1bf,FMT-02R-00e53630cd36,duplicate_declared_label,info,s1,31,All occurrences preserved by source_column_index; first occurrence only selected for wide mapping.
EXP-TAIPAN-001,FILE-02R-8e2c879cefd110cd,SCAN-02R-113d971bbff5b0fe,FMT-02R-365d8346d6ba,duplicate_declared_label,info,sgu,31,All occurrences preserved by source_column_index; first occurrence only selected for wide mapping.
EXP-TAIPAN-001,FILE-02R-8e8d6f81d4ae79b3,SCAN-02R-d4d684343e0d7d6c,FMT-02R-a20370d76087,duplicate_declared_label,info,sgl,31,All occurrences preserved by source_column_index; first occurrence only selected for wide mapping.
EXP-TAIPAN-001,FILE-02R-8ed78b57325efbda,SCAN-02R-abcd8030795bc9cb,FMT-02R-06137a7de1ad,duplicate_declared_label,info,en,31,All occurrences preserved by source_column_index; first occurrence only selected for wide mapping.
EXP-TAIPAN-001,FILE-02R-8f1ba21ed4bd7f82,SCAN-02R-f565bb6e9ffba8d0,FMT-02R-365d8346d6ba,duplicate_declared_label,info,sgu,31,All occurrences preserved by source_column_index; first occurrence only selected for wide mapping.
EXP-TAIPAN-001,FILE-02R-8fc906a71e9b9ad1,SCAN-02R-4ecc00c5eac2e1b4,FMT-02R-42b66acce1bb,duplicate_declared_label,info,ql,31,All occurrences preserved by source_column_index; first occurrence only selected for wide mapping.
EXP-TAIPAN-001,FILE-02R-91cd9b689abe9b78,SCAN-02R-89614c0503a95275,FMT-02R-06137a7de1ad,duplicate_declared_label,info,en,31,All occurrences preserved by source_column_index; first occurrence only selected for wide mapping.
EXP-TAIPAN-001,FILE-02R-92a7020f108c2fa4,SCAN-02R-5e52d7e5fbefbc05,FMT-02R-06137a7de1ad,duplicate_declared_label,info,en,31,All occurrences preserved by source_column_index; first occurrence only selected for wide mapping.
EXP-TAIPAN-001,FILE-02R-94e685e09ee9d021,SCAN-02R-05cdcdc49c83bec6,FMT-02R-00e53630cd36,duplicate_declared_label,info,s1,31,All occurrences preserved by source_column_index; first occurrence only selected for wide mapping.
EXP-TAIPAN-001,FILE-02R-972e9ad8a53ed5c3,SCAN-02R-ebcf02322ed12a94,FMT-02R-de66a609ccd2,duplicate_declared_label,info,s2,31,All occurrences preserved by source_column_index; first occurrence only selected for wide mapping.
EXP-TAIPAN-001,FILE-02R-975cdb1b1c0c9bd2,SCAN-02R-211255ce1a05d229,FMT-02R-00e53630cd36,duplicate_declared_label,info,s1,31,All occurrences preserved by source_column_index; first occurrence only selected for wide mapping.
EXP-TAIPAN-001,FILE-02R-97c73e3850f8c504,SCAN-02R-076c78acdde2d2d0,FMT-02R-00e53630cd36,duplicate_declared_label,info,s1,31,All occurrences preserved by source_column_index; first occurrence only selected for wide mapping.
EXP-TAIPAN-001,FILE-02R-97f6d9fb82b77f9b,SCAN-02R-4fb9fc6716a3e65a,FMT-02R-06137a7de1ad,duplicate_declared_label,info,en,31,All occurrences preserved by source_column_index; first occurrence only selected for wide mapping.
EXP-TAIPAN-001,FILE-02R-98ae70bbe8082ef4,SCAN-02R-762111064d108c6d,FMT-02R-06137a7de1ad,duplicate_declared_label,info,en,31,All occurrences preserved by source_column_index; first occurrence only selected for wide mapping.
EXP-TAIPAN-001,FILE-02R-9aad2f08ff8b0092,SCAN-02R-e5f864cf4587fc19,FMT-02R-92d14f023eb1,duplicate_declared_label,info,ei,31,All occurrences preserved by source_column_index; first occurrence only selected for wide mapping.
EXP-TAIPAN-001,FILE-02R-9aae17c864f1b80f,SCAN-02R-fb555611767fe647,FMT-02R-fb75879b9023,duplicate_declared_label,info,qk,31,All occurrences preserved by source_column_index; first occurrence only selected for wide mapping.
EXP-TAIPAN-001,FILE-02R-9b86ca5f436ba496,SCAN-02R-325ad9a57ee92673,FMT-02R-00e53630cd36,duplicate_declared_label,info,s1,31,All occurrences preserved by source_column_index; first occurrence only selected for wide mapping.
EXP-TAIPAN-001,FILE-02R-9c94dad236447dac,SCAN-02R-a1d82bdc331e2df4,FMT-02R-06137a7de1ad,duplicate_declared_label,info,en,31,All occurrences preserved by source_column_index; first occurrence only selected for wide mapping.
EXP-TAIPAN-001,FILE-02R-a119883ca3dcd30c,SCAN-02R-731f452fb62a55bd,FMT-02R-06137a7de1ad,duplicate_declared_label,info,en,31,All occurrences preserved by source_column_index; first occurrence only selected for wide mapping.
EXP-TAIPAN-001,FILE-02R-a2d17d3a2580b423,SCAN-02R-a9a9857e0e5183b2,FMT-02R-00e53630cd36,duplicate_declared_label,info,s1,31,All occurrences preserved by source_column_index; first occurrence only selected for wide mapping.
EXP-TAIPAN-001,FILE-02R-a31d6cff4c90e94e,SCAN-02R-074afad5a6b92ea4,FMT-02R-06137a7de1ad,duplicate_declared_label,info,en,31,All occurrences preserved by source_column_index; first occurrence only selected for wide mapping.
EXP-TAIPAN-001,FILE-02R-a486a5a1a77ae9d6,SCAN-02R-68a1fdbd8955d9a4,FMT-02R-06137a7de1ad,duplicate_declared_label,info,en,31,All occurrences preserved by source_column_index; first occurrence only selected for wide mapping.
EXP-TAIPAN-001,FILE-02R-a4f1d0ae9a0b3bf3,SCAN-02R-c3dcce6e5bc72678,FMT-02R-06137a7de1ad,duplicate_declared_label,info,en,31,All occurrences preserved by source_column_index; first occurrence only selected for wide mapping.
EXP-TAIPAN-001,FILE-02R-a8f25df3c5847d30,SCAN-02R-da644119c60690fc,FMT-02R-a20370d76087,duplicate_declared_label,info,sgl,31,All occurrences preserved by source_column_index; first occurrence only selected for wide mapping.
EXP-TAIPAN-001,FILE-02R-a91939947e7b8665,SCAN-02R-e7c2e1a042f607c2,FMT-02R-06137a7de1ad,duplicate_declared_label,info,en,31,All occurrences preserved by source_column_index; first occurrence only selected for wide mapping.
EXP-TAIPAN-001,FILE-02R-a98cdafc1ca03212,SCAN-02R-49c7081b477e8f3d,FMT-02R-00e53630cd36,duplicate_declared_label,info,s1,31,All occurrences preserved by source_column_index; first occurrence only selected for wide mapping.
EXP-TAIPAN-001,FILE-02R-aa07ebe39d21c0b8,SCAN-02R-d5e00829a2a54fb6,FMT-02R-fb75879b9023,duplicate_declared_label,info,qk,31,All occurrences preserved by source_column_index; first occurrence only selected for wide mapping.
EXP-TAIPAN-001,FILE-02R-ac00d0136c230341,SCAN-02R-a0737ac6a3eb4604,FMT-02R-00e53630cd36,duplicate_declared_label,info,s1,31,All occurrences preserved by source_column_index; first occurrence only selected for wide mapping.
EXP-TAIPAN-001,FILE-02R-ad5a7d1fd9cfbffb,SCAN-02R-391364dde623200d,FMT-02R-a20370d76087,duplicate_declared_label,info,sgl,31,All occurrences preserved by source_column_index; first occurrence only selected for wide mapping.
EXP-TAIPAN-001,FILE-02R-afd3d05ceefc8cfc,SCAN-02R-46abc72aaf86494c,FMT-02R-06137a7de1ad,duplicate_declared_label,info,en,31,All occurrences preserved by source_column_index; first occurrence only selected for wide mapping.
EXP-TAIPAN-001,FILE-02R-b026e7e938fde3e5,SCAN-02R-b30351ae2c4fc24c,FMT-02R-42b66acce1bb,duplicate_declared_label,info,ql,31,All occurrences preserved by source_column_index; first occurrence only selected for wide mapping.
EXP-TAIPAN-001,FILE-02R-b2043e6967551433,SCAN-02R-84cb0b6150577fdc,FMT-02R-00e53630cd36,duplicate_declared_label,info,s1,31,All occurrences preserved by source_column_index; first occurrence only selected for wide mapping.
EXP-TAIPAN-001,FILE-02R-b3c55d12147f0b5a,SCAN-02R-2a0e91f43e0fe127,FMT-02R-06137a7de1ad,duplicate_declared_label,info,en,31,All occurrences preserved by source_column_index; first occurrence only selected for wide mapping.
EXP-TAIPAN-001,FILE-02R-b3edfec0667b8f81,SCAN-02R-91de8f7a5ce6984b,FMT-02R-06137a7de1ad,duplicate_declared_label,info,en,31,All occurrences preserved by source_column_index; first occurrence only selected for wide mapping.
EXP-TAIPAN-001,FILE-02R-b4ceb51089e2f382,SCAN-02R-6d3fa023f691129f,FMT-02R-00e53630cd36,duplicate_declared_label,info,s1,31,All occurrences preserved by source_column_index; first occurrence only selected for wide mapping.
EXP-TAIPAN-001,FILE-02R-b59b6a3cc82d9e1d,SCAN-02R-8e9939a05c893131,FMT-02R-de66a609ccd2,duplicate_declared_label,info,s2,31,All occurrences preserved by source_column_index; first occurrence only selected for wide mapping.
EXP-TAIPAN-001,FILE-02R-b721852cd2326ced,SCAN-02R-93657997ed968c54,FMT-02R-00e53630cd36,duplicate_declared_label,info,s1,31,All occurrences preserved by source_column_index; first occurrence only selected for wide mapping.
EXP-TAIPAN-001,FILE-02R-b730d75fdfeddc6e,SCAN-02R-eea1fadd4abbd144,FMT-02R-06137a7de1ad,duplicate_declared_label,info,en,31,All occurrences preserved by source_column_index; first occurrence only selected for wide mapping.
EXP-TAIPAN-001,FILE-02R-b8820660a9c99eff,SCAN-02R-2c38778fb264b3af,FMT-02R-de66a609ccd2,duplicate_declared_label,info,s2,31,All occurrences preserved by source_column_index; first occurrence only selected for wide mapping.
EXP-TAIPAN-001,FILE-02R-b8d95c80bf59904b,SCAN-02R-fb62d31e5c3c1dbf,FMT-02R-06137a7de1ad,duplicate_declared_label,info,en,31,All occurrences preserved by source_column_index; first occurrence only selected for wide mapping.
EXP-TAIPAN-001,FILE-02R-b8ec3f5c2c448132,SCAN-02R-7d946974f8e94f38,FMT-02R-a20370d76087,duplicate_declared_label,info,sgl,31,All occurrences preserved by source_column_index; first occurrence only selected for wide mapping.
EXP-TAIPAN-001,FILE-02R-bd0a749a22eed9a0,SCAN-02R-4cc04512e6886f13,FMT-02R-de66a609ccd2,duplicate_declared_label,info,s2,31,All occurrences preserved by source_column_index; first occurrence only selected for wide mapping.
EXP-TAIPAN-001,FILE-02R-bd241a68da8cc714,SCAN-02R-291dabeaaa79ad80,FMT-02R-de66a609ccd2,duplicate_declared_label,info,s2,31,All occurrences preserved by source_column_index; first occurrence only selected for wide mapping.
EXP-TAIPAN-001,FILE-02R-bd94cd4cf6e4e3f5,SCAN-02R-43979cdff2eef525,FMT-02R-06137a7de1ad,duplicate_declared_label,info,en,31,All occurrences preserved by source_column_index; first occurrence only selected for wide mapping.
EXP-TAIPAN-001,FILE-02R-bdf26dd096fe3d32,SCAN-02R-936cf3ec1b1f48e0,FMT-02R-42b66acce1bb,duplicate_declared_label,info,ql,31,All occurrences preserved by source_column_index; first occurrence only selected for wide mapping.
EXP-TAIPAN-001,FILE-02R-be39377fb913fc52,SCAN-02R-5e02dde1da14be55,FMT-02R-06137a7de1ad,duplicate_declared_label,info,en,31,All occurrences preserved by source_column_index; first occurrence only selected for wide mapping.
EXP-TAIPAN-001,FILE-02R-beccc20ba43b8f5e,SCAN-02R-e772d925e68f4477,FMT-02R-00e53630cd36,duplicate_declared_label,info,s1,31,All occurrences preserved by source_column_index; first occurrence only selected for wide mapping.
EXP-TAIPAN-001,FILE-02R-bede7d78a8ceca86,SCAN-02R-4f5e09d1864ac832,FMT-02R-06137a7de1ad,duplicate_declared_label,info,en,31,All occurrences preserved by source_column_index; first occurrence only selected for wide mapping.
EXP-TAIPAN-001,FILE-02R-bf59440a7fa73cb0,SCAN-02R-26cdfd757f62fb5b,FMT-02R-06137a7de1ad,duplicate_declared_label,info,en,31,All occurrences preserved by source_column_index; first occurrence only selected for wide mapping.
EXP-TAIPAN-001,FILE-02R-bf79ed0d77995891,SCAN-02R-79960ffd3b8a968b,FMT-02R-06137a7de1ad,duplicate_declared_label,info,en,31,All occurrences preserved by source_column_index; first occurrence only selected for wide mapping.
EXP-TAIPAN-001,FILE-02R-bff91d54ea3694cc,SCAN-02R-5f553db9674e6d45,FMT-02R-06137a7de1ad,duplicate_declared_label,info,en,31,All occurrences preserved by source_column_index; first occurrence only selected for wide mapping.
EXP-TAIPAN-001,FILE-02R-c05367f62e677421,SCAN-02R-7493a417e6451013,FMT-02R-de66a609ccd2,duplicate_declared_label,info,s2,31,All occurrences preserved by source_column_index; first occurrence only selected for wide mapping.
EXP-TAIPAN-001,FILE-02R-c3e24502c9f0d434,SCAN-02R-7118d0dce593edea,FMT-02R-06137a7de1ad,duplicate_declared_label,info,en,31,All occurrences preserved by source_column_index; first occurrence only selected for wide mapping.
EXP-TAIPAN-001,FILE-02R-c53e15719794e79d,SCAN-02R-957a8834d758202b,FMT-02R-06137a7de1ad,duplicate_declared_label,info,en,31,All occurrences preserved by source_column_index; first occurrence only selected for wide mapping.
EXP-TAIPAN-001,FILE-02R-c5bcebfd15547df9,SCAN-02R-35c1a2ccd5e9e62e,FMT-02R-365d8346d6ba,duplicate_declared_label,info,sgu,31,All occurrences preserved by source_column_index; first occurrence only selected for wide mapping.
EXP-TAIPAN-001,FILE-02R-c6551e798a983dea,SCAN-02R-7acd4c14a0007418,FMT-02R-06137a7de1ad,duplicate_declared_label,info,en,31,All occurrences preserved by source_column_index; first occurrence only selected for wide mapping.
EXP-TAIPAN-001,FILE-02R-c69ab82458056286,SCAN-02R-baae22000a534323,FMT-02R-06137a7de1ad,duplicate_declared_label,info,en,31,All occurrences preserved by source_column_index; first occurrence only selected for wide mapping.
EXP-TAIPAN-001,FILE-02R-c912be15b436a763,SCAN-02R-4650765ebe11f415,FMT-02R-06137a7de1ad,duplicate_declared_label,info,en,31,All occurrences preserved by source_column_index; first occurrence only selected for wide mapping.
EXP-TAIPAN-001,FILE-02R-cc89eb40bfc37a5e,SCAN-02R-f36bb8e354cf21b7,FMT-02R-06137a7de1ad,duplicate_declared_label,info,en,31,All occurrences preserved by source_column_index; first occurrence only selected for wide mapping.
EXP-TAIPAN-001,FILE-02R-cce1ab2377a518c4,SCAN-02R-8c948345fe20cada,FMT-02R-fb75879b9023,duplicate_declared_label,info,qk,31,All occurrences preserved by source_column_index; first occurrence only selected for wide mapping.
EXP-TAIPAN-001,FILE-02R-ce58ed2f984920f7,SCAN-02R-87a18bddebeb7046,FMT-02R-00e53630cd36,duplicate_declared_label,info,s1,31,All occurrences preserved by source_column_index; first occurrence only selected for wide mapping.
EXP-TAIPAN-001,FILE-02R-ceb7bd14d0317a9e,SCAN-02R-c09396a290b0d6b2,FMT-02R-42b66acce1bb,duplicate_declared_label,info,ql,31,All occurrences preserved by source_column_index; first occurrence only selected for wide mapping.
EXP-TAIPAN-001,FILE-02R-ceedca39f412c49d,SCAN-02R-77b71bd09c7eb4b4,FMT-02R-06137a7de1ad,duplicate_declared_label,info,en,31,All occurrences preserved by source_column_index; first occurrence only selected for wide mapping.
EXP-TAIPAN-001,FILE-02R-cfd92f7a26e7ac76,SCAN-02R-4ad1398a663b7933,FMT-02R-06137a7de1ad,duplicate_declared_label,info,en,31,All occurrences preserved by source_column_index; first occurrence only selected for wide mapping.
EXP-TAIPAN-001,FILE-02R-cfedb7dee4a8071f,SCAN-02R-72904b63e5e6e883,FMT-02R-a20370d76087,duplicate_declared_label,info,sgl,31,All occurrences preserved by source_column_index; first occurrence only selected for wide mapping.
EXP-TAIPAN-001,FILE-02R-d0f83ca7a2fc0fa2,SCAN-02R-4d54ea7698000638,FMT-02R-06137a7de1ad,duplicate_declared_label,info,en,31,All occurrences preserved by source_column_index; first occurrence only selected for wide mapping.
EXP-TAIPAN-001,FILE-02R-d2b0ec8a459c99cd,SCAN-02R-54bfea84553b4c65,FMT-02R-06137a7de1ad,duplicate_declared_label,info,en,31,All occurrences preserved by source_column_index; first occurrence only selected for wide mapping.
EXP-TAIPAN-001,FILE-02R-d4c0ddac62527f9b,SCAN-02R-58a76874c3967085,FMT-02R-06137a7de1ad,duplicate_declared_label,info,en,31,All occurrences preserved by source_column_index; first occurrence only selected for wide mapping.
EXP-TAIPAN-001,FILE-02R-d5b9b7d27e8a1098,SCAN-02R-f56f915bc229d6aa,FMT-02R-06137a7de1ad,duplicate_declared_label,info,en,31,All occurrences preserved by source_column_index; first occurrence only selected for wide mapping.
EXP-TAIPAN-001,FILE-02R-d79d25b742a78b2f,SCAN-02R-616075842b1e4c6e,FMT-02R-06137a7de1ad,duplicate_declared_label,info,en,31,All occurrences preserved by source_column_index; first occurrence only selected for wide mapping.
EXP-TAIPAN-001,FILE-02R-d845fea91633e63c,SCAN-02R-facac32c4f9e5032,FMT-02R-fb75879b9023,duplicate_declared_label,info,qk,31,All occurrences preserved by source_column_index; first occurrence only selected for wide mapping.
EXP-TAIPAN-001,FILE-02R-d930d58d82cc4510,SCAN-02R-1d86949e1fdc12c8,FMT-02R-fb75879b9023,duplicate_declared_label,info,qk,31,All occurrences preserved by source_column_index; first occurrence only selected for wide mapping.
EXP-TAIPAN-001,FILE-02R-d967318e4569c881,SCAN-02R-f380a5a0600b447a,FMT-02R-06137a7de1ad,duplicate_declared_label,info,en,31,All occurrences preserved by source_column_index; first occurrence only selected for wide mapping.
EXP-TAIPAN-001,FILE-02R-da1d0700d24ca297,SCAN-02R-eb6fd74d04998612,FMT-02R-00e53630cd36,duplicate_declared_label,info,s1,31,All occurrences preserved by source_column_index; first occurrence only selected for wide mapping.
EXP-TAIPAN-001,FILE-02R-db3216aa4bbb640f,SCAN-02R-1e5b02c69224108d,FMT-02R-06137a7de1ad,duplicate_declared_label,info,en,31,All occurrences preserved by source_column_index; first occurrence only selected for wide mapping.
EXP-TAIPAN-001,FILE-02R-dc3481f974957a00,SCAN-02R-379ac295ed92a194,FMT-02R-365d8346d6ba,duplicate_declared_label,info,sgu,31,All occurrences preserved by source_column_index; first occurrence only selected for wide mapping.
EXP-TAIPAN-001,FILE-02R-dd4dd855dd7e599d,SCAN-02R-cfcdc3a373b26fb0,FMT-02R-00e53630cd36,duplicate_declared_label,info,s1,31,All occurrences preserved by source_column_index; first occurrence only selected for wide mapping.
EXP-TAIPAN-001,FILE-02R-dd821b445967b77e,SCAN-02R-75faa4a614a8f130,FMT-02R-06137a7de1ad,duplicate_declared_label,info,en,31,All occurrences preserved by source_column_index; first occurrence only selected for wide mapping.
EXP-TAIPAN-001,FILE-02R-e3217e8bc718c0e2,SCAN-02R-774f62fc1777bc6b,FMT-02R-06137a7de1ad,duplicate_declared_label,info,en,31,All occurrences preserved by source_column_index; first occurrence only selected for wide mapping.
EXP-TAIPAN-001,FILE-02R-e3e3f990249fa8c7,SCAN-02R-a88a59b9d2315a05,FMT-02R-06137a7de1ad,duplicate_declared_label,info,en,31,All occurrences preserved by source_column_index; first occurrence only selected for wide mapping.
EXP-TAIPAN-001,FILE-02R-e45fe04d518b6e17,SCAN-02R-b704f6a14f738619,FMT-02R-06137a7de1ad,duplicate_declared_label,info,en,31,All occurrences preserved by source_column_index; first occurrence only selected for wide mapping.
EXP-TAIPAN-001,FILE-02R-e779a19e4e2249cb,SCAN-02R-c7a73b4824a01210,FMT-02R-06137a7de1ad,duplicate_declared_label,info,en,31,All occurrences preserved by source_column_index; first occurrence only selected for wide mapping.
EXP-TAIPAN-001,FILE-02R-e84e50e653a6e631,SCAN-02R-b14e49e20117cb08,FMT-02R-06137a7de1ad,duplicate_declared_label,info,en,31,All occurrences preserved by source_column_index; first occurrence only selected for wide mapping.
EXP-TAIPAN-001,FILE-02R-e91eb964799b0944,SCAN-02R-072b13029deb0fba,FMT-02R-de66a609ccd2,duplicate_declared_label,info,s2,31,All occurrences preserved by source_column_index; first occurrence only selected for wide mapping.
EXP-TAIPAN-001,FILE-02R-eaa93bc86930ed0f,SCAN-02R-5b1259784f010264,FMT-02R-00e53630cd36,duplicate_declared_label,info,s1,31,All occurrences preserved by source_column_index; first occurrence only selected for wide mapping.
EXP-TAIPAN-001,FILE-02R-ed51193e6b95f684,SCAN-02R-708cf4d83a29d78f,FMT-02R-06137a7de1ad,duplicate_declared_label,info,en,31,All occurrences preserved by source_column_index; first occurrence only selected for wide mapping.
EXP-TAIPAN-001,FILE-02R-f05dcc227ab4790a,SCAN-02R-d2b7e9ee069bd20e,FMT-02R-06137a7de1ad,duplicate_declared_label,info,en,31,All occurrences preserved by source_column_index; first occurrence only selected for wide mapping.
EXP-TAIPAN-001,FILE-02R-f2dd29556c77c25b,SCAN-02R-42c582e4eb747d10,FMT-02R-00e53630cd36,duplicate_declared_label,info,s1,31,All occurrences preserved by source_column_index; first occurrence only selected for wide mapping.
EXP-TAIPAN-001,FILE-02R-f49217c971d919b9,SCAN-02R-5ef2c24fed347fd7,FMT-02R-00e53630cd36,duplicate_declared_label,info,s1,31,All occurrences preserved by source_column_index; first occurrence only selected for wide mapping.
EXP-TAIPAN-001,FILE-02R-f63ef951a1143848,SCAN-02R-2af7f44831b57311,FMT-02R-00e53630cd36,duplicate_declared_label,info,s1,31,All occurrences preserved by source_column_index; first occurrence only selected for wide mapping.
EXP-TAIPAN-001,FILE-02R-f68cbbca810eefa6,SCAN-02R-f87c8c3cd06321c2,FMT-02R-06137a7de1ad,duplicate_declared_label,info,en,31,All occurrences preserved by source_column_index; first occurrence only selected for wide mapping.
EXP-TAIPAN-001,FILE-02R-f76a47fba5e4763c,SCAN-02R-f7776e64b8dc4ae4,FMT-02R-42b66acce1bb,duplicate_declared_label,info,ql,31,All occurrences preserved by source_column_index; first occurrence only selected for wide mapping.
EXP-TAIPAN-001,FILE-02R-f8a15a6658da3a6a,SCAN-02R-c74434b3ed5fc9b8,FMT-02R-06137a7de1ad,duplicate_declared_label,info,en,31,All occurrences preserved by source_column_index; first occurrence only selected for wide mapping.
EXP-TAIPAN-001,FILE-02R-f8fbd7ad64cebea7,SCAN-02R-4f9204b624c2d482,FMT-02R-de66a609ccd2,duplicate_declared_label,info,s2,31,All occurrences preserved by source_column_index; first occurrence only selected for wide mapping.
EXP-TAIPAN-001,FILE-02R-f937bff285ebc9d0,SCAN-02R-fede66c26a275769,FMT-02R-06137a7de1ad,duplicate_declared_label,info,en,31,All occurrences preserved by source_column_index; first occurrence only selected for wide mapping.
EXP-TAIPAN-001,FILE-02R-f9ba9fd60372aa35,SCAN-02R-0e6d00a831c04e8d,FMT-02R-06137a7de1ad,duplicate_declared_label,info,en,31,All occurrences preserved by source_column_index; first occurrence only selected for wide mapping.
EXP-TAIPAN-001,FILE-02R-fb9b9920221845cd,SCAN-02R-c949f2ba4994924e,FMT-02R-a96f4c9633b6,duplicate_declared_label,info,qk,31,All occurrences preserved by source_column_index; first occurrence only selected for wide mapping.
EXP-TAIPAN-001,FILE-02R-fb9b9920221845cd,SCAN-02R-c949f2ba4994924e,FMT-02R-a96f4c9633b6,duplicate_declared_label,info,ql,31,All occurrences preserved by source_column_index; first occurrence only selected for wide mapping.
EXP-TAIPAN-001,FILE-02R-fbeb377499311989,SCAN-02R-e99f0bd2152d59b1,FMT-02R-a20370d76087,duplicate_declared_label,info,sgl,31,All occurrences preserved by source_column_index; first occurrence only selected for wide mapping.
EXP-TAIPAN-001,FILE-02R-fe70440779bc92de,SCAN-02R-ed685e6e0b6d3265,FMT-02R-06137a7de1ad,duplicate_declared_label,info,en,31,All occurrences preserved by source_column_index; first occurrence only selected for wide mapping.
EXP-TAIPAN-001,FILE-02R-fe9d4b2cadb887cb,SCAN-02R-8e62e3b1b9deee81,FMT-02R-06137a7de1ad,duplicate_declared_label,info,en,31,All occurrences preserved by source_column_index; first occurrence only selected for wide mapping.
