scan_record_id,count_control_mode,acquisition_state_id,pre_detector_status,split_role,assignment_sha256,stratum_size,stratum_holdout_count,holdout_status,holdout_backfill
SCAN-02R-022f7aa0bc71f84f,time_controlled,ACQSTATE-02R-e4276bdea8e15cd5,not_primary_energy_discovery,not_applicable,,0,0,not_applicable,false
SCAN-02R-03ed38ed92271694,time_controlled,ACQSTATE-02R-be6ac2534d3a03ee,not_primary_energy_discovery,not_applicable,,0,0,not_applicable,false
SCAN-02R-059bd02c78268a2b,monitor_controlled,ACQSTATE-02R-896f06c2a7c231ec,eligible_for_split,discovery,c79367be8f4304142585d58150506cba37aa035034cd9fa5efa78ba1d0a998c3,65,16,available,false
SCAN-02R-05cdcdc49c83bec6,time_controlled,ACQSTATE-02R-9ab3f10f56634512,not_primary_energy_discovery,not_applicable,,0,0,not_applicable,false
SCAN-02R-072b13029deb0fba,time_controlled,ACQSTATE-02R-d8bd77a44fe00800,not_primary_energy_discovery,not_applicable,,0,0,not_applicable,false
SCAN-02R-074afad5a6b92ea4,monitor_controlled,ACQSTATE-02R-896f06c2a7c231ec,eligible_for_split,discovery,47ed1c2b94135e8d4952046dffaef9fd8c9c6a5127b23a9b83c0cc795dd33f97,65,16,available,false
SCAN-02R-076c78acdde2d2d0,time_controlled,ACQSTATE-02R-76dbf689e6cbf1b2,not_primary_energy_discovery,not_applicable,,0,0,not_applicable,false
SCAN-02R-097d0c674875ad7d,time_controlled,ACQSTATE-02R-03c418e03bbff8ef,not_primary_energy_discovery,not_applicable,,0,0,not_applicable,false
SCAN-02R-0e6d00a831c04e8d,monitor_controlled,ACQSTATE-02R-896f06c2a7c231ec,eligible_for_split,discovery,6a9a81a01cbfd5417d6b6fe85b4c9a06df787da5a3b9e978398f969110b35fa2,65,16,available,false
SCAN-02R-0f8fb12fa9acc5a9,time_controlled,ACQSTATE-02R-6c0bdd080b2c5a8d,not_primary_energy_discovery,not_applicable,,0,0,not_applicable,false
SCAN-02R-113d971bbff5b0fe,time_controlled,ACQSTATE-02R-6adc9825d6f4cc64,not_primary_energy_discovery,not_applicable,,0,0,not_applicable,false
SCAN-02R-118b7f0b82f35923,time_controlled,ACQSTATE-02R-6c0bdd080b2c5a8d,not_primary_energy_discovery,not_applicable,,0,0,not_applicable,false
SCAN-02R-11f9a7978abc2be1,monitor_controlled,ACQSTATE-02R-2db5d7be3b4beb37,not_primary_energy_discovery,not_applicable,,0,0,not_applicable,false
SCAN-02R-183e2f7a146cbdf6,monitor_controlled,ACQSTATE-02R-0393fd8a12137f3f,not_primary_energy_discovery,not_applicable,,0,0,not_applicable,false
SCAN-02R-1c3a8acc71d9e5bd,monitor_controlled,ACQSTATE-02R-72bc31d155544226,not_primary_energy_discovery,not_applicable,,0,0,not_applicable,false
SCAN-02R-1d86949e1fdc12c8,time_controlled,ACQSTATE-02R-6c0bdd080b2c5a8d,not_primary_energy_discovery,not_applicable,,0,0,not_applicable,false
SCAN-02R-1dda1db143c363ba,time_controlled,ACQSTATE-02R-e0b6de9c98c0c6b7,not_primary_energy_discovery,not_applicable,,0,0,not_applicable,false
SCAN-02R-1e5b02c69224108d,monitor_controlled,ACQSTATE-02R-896f06c2a7c231ec,eligible_for_split,discovery,4e382b90cd8d0e6b7f8918f4908395cc1bf0ab3bdc39a8abe00105548907e25f,65,16,available,false
SCAN-02R-20b2aca534749eb8,time_controlled,ACQSTATE-02R-b75f4d6045c9a350,not_primary_energy_discovery,not_applicable,,0,0,not_applicable,false
SCAN-02R-211255ce1a05d229,time_controlled,ACQSTATE-02R-76dbf689e6cbf1b2,not_primary_energy_discovery,not_applicable,,0,0,not_applicable,false
SCAN-02R-2161de9a5edbe1bf,time_controlled,ACQSTATE-02R-c3afc250a187b5a4,not_primary_energy_discovery,not_applicable,,0,0,not_applicable,false
SCAN-02R-22608464dd5aff80,time_controlled,ACQSTATE-02R-361a3ee8046c2cc4,not_primary_energy_discovery,not_applicable,,0,0,not_applicable,false
SCAN-02R-251028aabdf3c3e7,time_controlled,ACQSTATE-02R-108dfc3a3c6afd9c,not_primary_energy_discovery,not_applicable,,0,0,not_applicable,false
SCAN-02R-26c5588a4a75efc2,monitor_controlled,ACQSTATE-02R-896f06c2a7c231ec,eligible_for_split,discovery,c00588be21946c82421549a1342ce9e5e0e133442a71441840f813de8a288842,65,16,available,false
SCAN-02R-26cdfd757f62fb5b,monitor_controlled,ACQSTATE-02R-896f06c2a7c231ec,eligible_for_split,holdout,0c8761ca35f8af56163366cf5893a0c618a03f1d982830bc71fe69ab04384117,65,16,available,false
SCAN-02R-291dabeaaa79ad80,time_controlled,ACQSTATE-02R-28209d72681aed75,not_primary_energy_discovery,not_applicable,,0,0,not_applicable,false
SCAN-02R-2a0e91f43e0fe127,monitor_controlled,ACQSTATE-02R-896f06c2a7c231ec,eligible_for_split,discovery,c3a557bbd99a4194cb72f66b5224acf7b99f080a58fa4e7dd8dcfd01a30bfb91,65,16,available,false
SCAN-02R-2af7f44831b57311,time_controlled,ACQSTATE-02R-c3afc250a187b5a4,not_primary_energy_discovery,not_applicable,,0,0,not_applicable,false
SCAN-02R-2c07251df8824bce,time_controlled,ACQSTATE-02R-28209d72681aed75,not_primary_energy_discovery,not_applicable,,0,0,not_applicable,false
SCAN-02R-2c38778fb264b3af,time_controlled,ACQSTATE-02R-28209d72681aed75,not_primary_energy_discovery,not_applicable,,0,0,not_applicable,false
SCAN-02R-2f690557cfd20bec,monitor_controlled,ACQSTATE-02R-896f06c2a7c231ec,eligible_for_split,discovery,fb54057c177d437582994df8f40249edb7019fcf9be991bc5af642a52985c3dc,65,16,available,false
SCAN-02R-306a96179bd778b6,monitor_controlled,ACQSTATE-02R-896f06c2a7c231ec,eligible_for_split,discovery,5ab278f7b245a68ccf175b81010152552b001a94239fcc79b81d0f8317506271,65,16,available,false
SCAN-02R-31bc005deb88d4e2,time_controlled,ACQSTATE-02R-be28a48a7631be59,not_primary_energy_discovery,not_applicable,,0,0,not_applicable,false
SCAN-02R-325ad9a57ee92673,time_controlled,ACQSTATE-02R-9ab3f10f56634512,not_primary_energy_discovery,not_applicable,,0,0,not_applicable,false
SCAN-02R-32cf60066cdcd074,time_controlled,ACQSTATE-02R-c3afc250a187b5a4,not_primary_energy_discovery,not_applicable,,0,0,not_applicable,false
SCAN-02R-33c7ae4485edcd17,time_controlled,ACQSTATE-02R-76dbf689e6cbf1b2,not_primary_energy_discovery,not_applicable,,0,0,not_applicable,false
SCAN-02R-35c1a2ccd5e9e62e,time_controlled,ACQSTATE-02R-92658811a43cf789,not_primary_energy_discovery,not_applicable,,0,0,not_applicable,false
SCAN-02R-3796d374ac11519e,monitor_controlled,ACQSTATE-02R-72bc31d155544226,not_primary_energy_discovery,not_applicable,,0,0,not_applicable,false
SCAN-02R-379ac295ed92a194,time_controlled,ACQSTATE-02R-cbc3f2d268d2ba2a,not_primary_energy_discovery,not_applicable,,0,0,not_applicable,false
SCAN-02R-391364dde623200d,time_controlled,ACQSTATE-02R-763c392f103059d4,not_primary_energy_discovery,not_applicable,,0,0,not_applicable,false
SCAN-02R-3d7ecf2f3c542662,time_controlled,ACQSTATE-02R-7948f6139a5d7c87,not_primary_energy_discovery,not_applicable,,0,0,not_applicable,false
SCAN-02R-3f903a520f921d83,monitor_controlled,ACQSTATE-02R-896f06c2a7c231ec,eligible_for_split,discovery,7473b69f9fcd779352c1858a2fa0d832a0bf3562b561c8bdc2018ac2fa161106,65,16,available,false
SCAN-02R-403532c05321d7d2,monitor_controlled,ACQSTATE-02R-896f06c2a7c231ec,diagnostic_only_insufficient_geometry,not_applicable,,0,0,not_applicable,false
SCAN-02R-41d12941c2dac178,monitor_controlled,ACQSTATE-02R-896f06c2a7c231ec,eligible_for_split,holdout,2baf3a05c2b2ee4239a49005eace13a887d5e5e599a4b32192e1964c42630291,65,16,available,false
SCAN-02R-42c582e4eb747d10,monitor_controlled,ACQSTATE-02R-72bc31d155544226,not_primary_energy_discovery,not_applicable,,0,0,not_applicable,false
SCAN-02R-42d0a4d8bd2d58cc,monitor_controlled,ACQSTATE-02R-896f06c2a7c231ec,eligible_for_split,holdout,1fde1a3062ec202e4035af9f948896f297ced9b1408636f6a9855f4f91f1f602,65,16,available,false
SCAN-02R-42f2046fce901aec,time_controlled,ACQSTATE-02R-92658811a43cf789,not_primary_energy_discovery,not_applicable,,0,0,not_applicable,false
SCAN-02R-432159a75d80f2b3,monitor_controlled,ACQSTATE-02R-896f06c2a7c231ec,eligible_for_split,discovery,d8948a63a1fda7edd2b108d27d2ec7d173d8a4f9a1faf79afd6d48affe28b623,65,16,available,false
SCAN-02R-43979cdff2eef525,monitor_controlled,ACQSTATE-02R-76ff5c324efb0d8a,eligible_for_split,discovery,8934f3bd1a52787fc0eb2d4a09e488c6623d0832fa2e078c466e106a068cc585,9,2,available,false
SCAN-02R-43d400370d39ebe7,time_controlled,ACQSTATE-02R-76dbf689e6cbf1b2,not_primary_energy_discovery,not_applicable,,0,0,not_applicable,false
SCAN-02R-45d1daf515e218b6,monitor_controlled,ACQSTATE-02R-896f06c2a7c231ec,eligible_for_split,discovery,66903604fe1a840a012a9599265ba2b785d0fcd175fd1a7df097bae45bcd9a1d,65,16,available,false
SCAN-02R-4650765ebe11f415,monitor_controlled,ACQSTATE-02R-896f06c2a7c231ec,eligible_for_split,holdout,39d4672007b9eefc40e54d7584dbb3d921ad9724589123210e0ae38204ea8556,65,16,available,false
SCAN-02R-46abc72aaf86494c,monitor_controlled,ACQSTATE-02R-896f06c2a7c231ec,diagnostic_only_insufficient_geometry,not_applicable,,0,0,not_applicable,false
SCAN-02R-48f6ae0dc1c99d07,monitor_controlled,ACQSTATE-02R-896f06c2a7c231ec,eligible_for_split,holdout,1fa2762a569f77dfee57e92401a03c79f13937f285e0e509a81dde873d11b2aa,65,16,available,false
SCAN-02R-4979cab4b4eed413,monitor_controlled,ACQSTATE-02R-1f2cf8c8f4f60684,not_primary_energy_discovery,not_applicable,,0,0,not_applicable,false
SCAN-02R-49c7081b477e8f3d,time_controlled,ACQSTATE-02R-76dbf689e6cbf1b2,not_primary_energy_discovery,not_applicable,,0,0,not_applicable,false
SCAN-02R-4a9d7177d38df4e7,time_controlled,ACQSTATE-02R-08c77f1cdd894d24,not_primary_energy_discovery,not_applicable,,0,0,not_applicable,false
SCAN-02R-4ad1398a663b7933,monitor_controlled,ACQSTATE-02R-896f06c2a7c231ec,eligible_for_split,discovery,8306222ccee41e90ac3a7253cc78799191fe482d5942f30e0827c83e43685b77,65,16,available,false
SCAN-02R-4cc04512e6886f13,time_controlled,ACQSTATE-02R-b456d493f62e0335,not_primary_energy_discovery,not_applicable,,0,0,not_applicable,false
SCAN-02R-4d54ea7698000638,monitor_controlled,ACQSTATE-02R-896f06c2a7c231ec,eligible_for_split,discovery,3e962390e361a7ae9fc3ed90a16f90f2a2c261889fd28028b8378529e077cba4,65,16,available,false
SCAN-02R-4eb3495e2e32dd73,monitor_controlled,ACQSTATE-02R-896f06c2a7c231ec,eligible_for_split,discovery,e383e19350906eeb3505af53a0655504d7da043a19e7d3f4f7806fd09ba7e144,65,16,available,false
SCAN-02R-4ecc00c5eac2e1b4,time_controlled,ACQSTATE-02R-39797c031fe0f745,not_primary_energy_discovery,not_applicable,,0,0,not_applicable,false
SCAN-02R-4f5e09d1864ac832,monitor_controlled,ACQSTATE-02R-896f06c2a7c231ec,eligible_for_split,discovery,5266ff2edef001a4b984bfd6aeb761a1b594c235ba88b26d56f590fc3b2762ff,65,16,available,false
SCAN-02R-4f9204b624c2d482,time_controlled,ACQSTATE-02R-d8bd77a44fe00800,not_primary_energy_discovery,not_applicable,,0,0,not_applicable,false
SCAN-02R-4fb9fc6716a3e65a,time_controlled,ACQSTATE-02R-4c4e33f0acec143e,eligible_for_split,discovery,cc7cf1b8573869e0055a993b97bd0396b5115d5cc032886797284fb7a0bba2ea,1,0,unavailable_small_stratum,false
SCAN-02R-51cfd518e3a0c6ec,time_controlled,ACQSTATE-02R-9ab3f10f56634512,not_primary_energy_discovery,not_applicable,,0,0,not_applicable,false
SCAN-02R-51f6ed2eb7632349,monitor_controlled,ACQSTATE-02R-896f06c2a7c231ec,eligible_for_split,discovery,4d03c985852fcf00886cf88a25baabebf4b2f372413e74b139037ed528cee676,65,16,available,false
SCAN-02R-5215f80c458dc1c4,monitor_controlled,ACQSTATE-02R-896f06c2a7c231ec,eligible_for_split,discovery,f84ccf723724413cf5175499278ef8f246ab481956316d7d9d1234816af122ee,65,16,available,false
SCAN-02R-5467ba1e21b73319,monitor_controlled,ACQSTATE-02R-30a8b3a0d08462ab,not_primary_energy_discovery,not_applicable,,0,0,not_applicable,false
SCAN-02R-54bfea84553b4c65,monitor_controlled,ACQSTATE-02R-76ff5c324efb0d8a,eligible_for_split,holdout,03aa93f33884cc175d01cecc10032303c46aee35ea3e32966b4a12135d30b427,9,2,available,false
SCAN-02R-58a76874c3967085,monitor_controlled,ACQSTATE-02R-896f06c2a7c231ec,eligible_for_split,holdout,1edf2494b0515d627badf2a87c885aba21a5350ca98cec6d610cb40cb5a8ade8,65,16,available,false
SCAN-02R-59701ee4cf5ede45,time_controlled,ACQSTATE-02R-b914afde3130cb09,not_primary_energy_discovery,not_applicable,,0,0,not_applicable,false
SCAN-02R-598c5cedd335b846,monitor_controlled,ACQSTATE-02R-896f06c2a7c231ec,eligible_for_split,holdout,2b3124e204dd94257446e0d8900d8fad2a88bd9079bc7d7ff3fe39cf4dd63cdc,65,16,available,false
SCAN-02R-59fa80474896a50b,time_controlled,ACQSTATE-02R-cbc3f2d268d2ba2a,not_primary_energy_discovery,not_applicable,,0,0,not_applicable,false
SCAN-02R-5b1259784f010264,time_controlled,ACQSTATE-02R-c3afc250a187b5a4,not_primary_energy_discovery,not_applicable,,0,0,not_applicable,false
SCAN-02R-5b80daccf8c23dd0,time_controlled,ACQSTATE-02R-6c0bdd080b2c5a8d,not_primary_energy_discovery,not_applicable,,0,0,not_applicable,false
SCAN-02R-5e02dde1da14be55,monitor_controlled,ACQSTATE-02R-76ff5c324efb0d8a,eligible_for_split,holdout,241666f4cc387e61c26fe0f0257a4fb655828fec03c9383dad0a8a96c8676dde,9,2,available,false
SCAN-02R-5e52d7e5fbefbc05,monitor_controlled,ACQSTATE-02R-896f06c2a7c231ec,eligible_for_split,discovery,93d07f70b3417f20697ed30a0ebaa97f66f032f15a902db3bae6cf89deeca473,65,16,available,false
SCAN-02R-5e9a406134424e15,time_controlled,ACQSTATE-02R-53df6374615f09d5,not_primary_energy_discovery,not_applicable,,0,0,not_applicable,false
SCAN-02R-5ef2c24fed347fd7,monitor_controlled,ACQSTATE-02R-72bc31d155544226,not_primary_energy_discovery,not_applicable,,0,0,not_applicable,false
SCAN-02R-5f553db9674e6d45,monitor_controlled,ACQSTATE-02R-896f06c2a7c231ec,eligible_for_split,holdout,1bc7d4f4d346d9cafb18049b065ec8bf522d5ccc93ddb3d32ee68c7088a6a1ec,65,16,available,false
SCAN-02R-616075842b1e4c6e,monitor_controlled,ACQSTATE-02R-896f06c2a7c231ec,diagnostic_only_insufficient_geometry,not_applicable,,0,0,not_applicable,false
SCAN-02R-643ff7e40bd97888,monitor_controlled,ACQSTATE-02R-896f06c2a7c231ec,diagnostic_only_insufficient_geometry,not_applicable,,0,0,not_applicable,false
SCAN-02R-652afedf8df9a217,time_controlled,ACQSTATE-02R-76dbf689e6cbf1b2,not_primary_energy_discovery,not_applicable,,0,0,not_applicable,false
SCAN-02R-68a1fdbd8955d9a4,monitor_controlled,ACQSTATE-02R-896f06c2a7c231ec,eligible_for_split,discovery,7e8a69cea5a329127dab5e69ee08c84c4d84f69fcccfe56b20dfea8fc6a8b89e,65,16,available,false
SCAN-02R-6d3fa023f691129f,time_controlled,ACQSTATE-02R-e4276bdea8e15cd5,not_primary_energy_discovery,not_applicable,,0,0,not_applicable,false
SCAN-02R-6f7239d1961a1e4d,monitor_controlled,ACQSTATE-02R-896f06c2a7c231ec,eligible_for_split,holdout,39bdc668aabbbbea82edc97bbbc1631bfee3f7e0aea3d35d8f910897f725d135,65,16,available,false
SCAN-02R-6fded6b51e0642a8,monitor_controlled,ACQSTATE-02R-896f06c2a7c231ec,eligible_for_split,discovery,d36ece542704c7adc05e01d8421718d5da3b54a0e503bf3cb344235a1977ef8f,65,16,available,false
SCAN-02R-7044f49c95edc115,time_controlled,ACQSTATE-02R-763c392f103059d4,not_primary_energy_discovery,not_applicable,,0,0,not_applicable,false
SCAN-02R-708cf4d83a29d78f,monitor_controlled,ACQSTATE-02R-896f06c2a7c231ec,eligible_for_split,discovery,9b688118eda877d2724b13db5e29409e97919d6f04a94235ab685e6c87b66f5c,65,16,available,false
SCAN-02R-7118d0dce593edea,monitor_controlled,ACQSTATE-02R-896f06c2a7c231ec,eligible_for_split,discovery,93e0cb0a6b501f5501ab8b09ac1b16e2b45cb56f6119e95469131d38e188f39c,65,16,available,false
SCAN-02R-71f68f9554b93f6c,time_controlled,ACQSTATE-02R-03c418e03bbff8ef,not_primary_energy_discovery,not_applicable,,0,0,not_applicable,false
SCAN-02R-72904b63e5e6e883,time_controlled,ACQSTATE-02R-53df6374615f09d5,not_primary_energy_discovery,not_applicable,,0,0,not_applicable,false
SCAN-02R-731f452fb62a55bd,monitor_controlled,ACQSTATE-02R-76ff5c324efb0d8a,eligible_for_split,discovery,a9cf8fcc4cb9f46bec3cef25b5236a229a252887df1c15d1bcd6116503b1fa20,9,2,available,false
SCAN-02R-73adc0625f7869df,monitor_controlled,ACQSTATE-02R-0fc7191ce8c954ce,not_primary_energy_discovery,not_applicable,,0,0,not_applicable,false
SCAN-02R-7493a417e6451013,time_controlled,ACQSTATE-02R-d8bd77a44fe00800,not_primary_energy_discovery,not_applicable,,0,0,not_applicable,false
SCAN-02R-74e2c66cfb23844c,time_controlled,ACQSTATE-02R-76cbd914416780d4,not_primary_energy_discovery,not_applicable,,0,0,not_applicable,false
SCAN-02R-75faa4a614a8f130,monitor_controlled,ACQSTATE-02R-896f06c2a7c231ec,eligible_for_split,discovery,7b2b1d6c01aebc9fedbad3dcbd3a75f7518ed39a3d1936a2d76fb0fdf6b3e38d,65,16,available,false
SCAN-02R-762111064d108c6d,monitor_controlled,ACQSTATE-02R-896f06c2a7c231ec,eligible_for_split,discovery,edc9e2d8793aad73d7cc5c792adea6f53f0a8b00e03fc88e7edd7ec3aa681778,65,16,available,false
SCAN-02R-76804d90690fee01,time_controlled,ACQSTATE-02R-b89c4bffa1f47288,not_primary_energy_discovery,not_applicable,,0,0,not_applicable,false
SCAN-02R-774f62fc1777bc6b,monitor_controlled,ACQSTATE-02R-76ff5c324efb0d8a,eligible_for_split,discovery,630338a5f0d21b3774fff561cf21c030bb2afc293d0e880892debdc9e5cad163,9,2,available,false
SCAN-02R-77b71bd09c7eb4b4,monitor_controlled,ACQSTATE-02R-896f06c2a7c231ec,eligible_for_split,discovery,6474aae357e29ad38703da82d39895c13b15d69d7a27a604c6311d7d62b86e75,65,16,available,false
SCAN-02R-78bcb97650a5c779,time_controlled,ACQSTATE-02R-28209d72681aed75,not_primary_energy_discovery,not_applicable,,0,0,not_applicable,false
SCAN-02R-79960ffd3b8a968b,monitor_controlled,ACQSTATE-02R-896f06c2a7c231ec,eligible_for_split,holdout,22c6cf71cd83737ed853f812ab48c48847cdc2a873278fab1d02f4dda80101dc,65,16,available,false
SCAN-02R-79e659b84aa4786d,monitor_controlled,ACQSTATE-02R-896f06c2a7c231ec,eligible_for_split,discovery,f8e367ff78e4f3d1d72e2c561f69c52f7545a0b89e787747c5dc38d3614cd0ea,65,16,available,false
SCAN-02R-7a0b878c4f9bf5c8,monitor_controlled,ACQSTATE-02R-896f06c2a7c231ec,diagnostic_only_insufficient_geometry,not_applicable,,0,0,not_applicable,false
SCAN-02R-7acd4c14a0007418,monitor_controlled,ACQSTATE-02R-896f06c2a7c231ec,eligible_for_split,discovery,5e9305e54edcbde49880703e38684a0c5c60991dad4676a7e93779e0009a3c9e,65,16,available,false
SCAN-02R-7bf9711c804eecbc,time_controlled,ACQSTATE-02R-6adc9825d6f4cc64,not_primary_energy_discovery,not_applicable,,0,0,not_applicable,false
SCAN-02R-7d946974f8e94f38,time_controlled,ACQSTATE-02R-108dfc3a3c6afd9c,not_primary_energy_discovery,not_applicable,,0,0,not_applicable,false
SCAN-02R-7fc5c872db142199,monitor_controlled,ACQSTATE-02R-72bc31d155544226,not_primary_energy_discovery,not_applicable,,0,0,not_applicable,false
SCAN-02R-8345a5938afc1084,monitor_controlled,ACQSTATE-02R-896f06c2a7c231ec,eligible_for_split,discovery,60d7747bb00b54cf910bc18f7e4c9b49eb0f9ce93f5e308e249e6beb972be60b,65,16,available,false
SCAN-02R-84cb0b6150577fdc,time_controlled,ACQSTATE-02R-c3afc250a187b5a4,not_primary_energy_discovery,not_applicable,,0,0,not_applicable,false
SCAN-02R-8641a638f4880175,monitor_controlled,ACQSTATE-02R-76ff5c324efb0d8a,eligible_for_split,discovery,c5f891e607fd0fd4c657440e63df78d62ec2c5a8369c1241f88ee8c994c8aee4,9,2,available,false
SCAN-02R-87a18bddebeb7046,monitor_controlled,ACQSTATE-02R-72bc31d155544226,not_primary_energy_discovery,not_applicable,,0,0,not_applicable,false
SCAN-02R-87edbdf74d1e5fb1,monitor_controlled,ACQSTATE-02R-896f06c2a7c231ec,eligible_for_split,holdout,36eb565baa60c83f3c85f405e91c180407adc69dd32f23b420876ae3e85b3387,65,16,available,false
SCAN-02R-88b013f641209af6,monitor_controlled,ACQSTATE-02R-896f06c2a7c231ec,diagnostic_only_insufficient_geometry,not_applicable,,0,0,not_applicable,false
SCAN-02R-89614c0503a95275,monitor_controlled,ACQSTATE-02R-896f06c2a7c231ec,eligible_for_split,discovery,dc9296d5022815a85776b330a422020d82a0f2b6ec780beccfe4d1ee4def93b6,65,16,available,false
SCAN-02R-8c948345fe20cada,time_controlled,ACQSTATE-02R-03c418e03bbff8ef,not_primary_energy_discovery,not_applicable,,0,0,not_applicable,false
SCAN-02R-8c953d28ca426172,time_controlled,ACQSTATE-02R-adba83e7b042797b,not_primary_energy_discovery,not_applicable,,0,0,not_applicable,false
SCAN-02R-8ca6316615b8cbae,monitor_controlled,ACQSTATE-02R-76ff5c324efb0d8a,eligible_for_split,discovery,6647a6a26fe34b97496a59d5aec032e42152db878b089c8b321b77131e7a485b,9,2,available,false
SCAN-02R-8dcd5041a8a4e044,monitor_controlled,ACQSTATE-02R-76ff5c324efb0d8a,eligible_for_split,discovery,482cf1ab9b5988016fe0bf824cb73342ff43e1c8454f39264596828603fadf12,9,2,available,false
SCAN-02R-8e62e3b1b9deee81,monitor_controlled,ACQSTATE-02R-896f06c2a7c231ec,eligible_for_split,discovery,b8a932fc7b2162a4c04ee69ad8a329d58afd1dd735cbde2fb9bc4edc11fa38ac,65,16,available,false
SCAN-02R-8e9939a05c893131,time_controlled,ACQSTATE-02R-28209d72681aed75,not_primary_energy_discovery,not_applicable,,0,0,not_applicable,false
SCAN-02R-91de8f7a5ce6984b,monitor_controlled,ACQSTATE-02R-76ff5c324efb0d8a,eligible_for_split,discovery,b5d4df4a792178df276d5c2fedb9f60ba1c70f5e024038f4a6092e591006c11e,9,2,available,false
SCAN-02R-91f840c137c7a43c,monitor_controlled,ACQSTATE-02R-896f06c2a7c231ec,eligible_for_split,discovery,6240d821400816396afd4f126096c65c71d144e5c092e6d2fedbff4e83e45eaf,65,16,available,false
SCAN-02R-920194e62af87181,time_controlled,ACQSTATE-02R-763c392f103059d4,not_primary_energy_discovery,not_applicable,,0,0,not_applicable,false
SCAN-02R-93657997ed968c54,time_controlled,ACQSTATE-02R-c3afc250a187b5a4,not_primary_energy_discovery,not_applicable,,0,0,not_applicable,false
SCAN-02R-936cf3ec1b1f48e0,time_controlled,ACQSTATE-02R-b89c4bffa1f47288,not_primary_energy_discovery,not_applicable,,0,0,not_applicable,false
SCAN-02R-94943265720dfbae,time_controlled,ACQSTATE-02R-b89c4bffa1f47288,not_primary_energy_discovery,not_applicable,,0,0,not_applicable,false
SCAN-02R-957a8834d758202b,monitor_controlled,ACQSTATE-02R-896f06c2a7c231ec,eligible_for_split,discovery,dbb9f0da283ec771cf89e92ca5cba1a3fc8163233b6633c4f66260d53941be50,65,16,available,false
SCAN-02R-95f55247c2e05782,time_controlled,ACQSTATE-02R-28209d72681aed75,not_primary_energy_discovery,not_applicable,,0,0,not_applicable,false
SCAN-02R-a0737ac6a3eb4604,monitor_controlled,ACQSTATE-02R-72bc31d155544226,not_primary_energy_discovery,not_applicable,,0,0,not_applicable,false
SCAN-02R-a1d82bdc331e2df4,monitor_controlled,ACQSTATE-02R-896f06c2a7c231ec,eligible_for_split,holdout,2980202b8dab219dce80c5e9e545eddec3295f295d11fa5fe16981b1ec674307,65,16,available,false
SCAN-02R-a37edad191409e00,time_controlled,ACQSTATE-02R-c3afc250a187b5a4,not_primary_energy_discovery,not_applicable,,0,0,not_applicable,false
SCAN-02R-a4d537ac569af0ba,time_controlled,ACQSTATE-02R-28209d72681aed75,not_primary_energy_discovery,not_applicable,,0,0,not_applicable,false
SCAN-02R-a59dc960ac5aa7de,time_controlled,ACQSTATE-02R-08c77f1cdd894d24,not_primary_energy_discovery,not_applicable,,0,0,not_applicable,false
SCAN-02R-a88a59b9d2315a05,monitor_controlled,ACQSTATE-02R-896f06c2a7c231ec,eligible_for_split,holdout,228b12c558741758ea1e9674e55acf6ce5aff9655776df6245ea2ae0b07363ed,65,16,available,false
SCAN-02R-a9a9857e0e5183b2,time_controlled,ACQSTATE-02R-76dbf689e6cbf1b2,not_primary_energy_discovery,not_applicable,,0,0,not_applicable,false
SCAN-02R-abcd8030795bc9cb,monitor_controlled,ACQSTATE-02R-896f06c2a7c231ec,eligible_for_split,discovery,76702da2836c44f27b4731ed6df940575715f79f6f3c248d3c0a1952b772ac28,65,16,available,false
SCAN-02R-ae86f327e3ed5623,monitor_controlled,ACQSTATE-02R-896f06c2a7c231ec,eligible_for_split,discovery,5aa52c74b5d94d317180e13a31f51a1c04f44685cccd53a99f7b80d3c5da5cfa,65,16,available,false
SCAN-02R-af1610dac9676d6c,time_controlled,ACQSTATE-02R-76dbf689e6cbf1b2,not_primary_energy_discovery,not_applicable,,0,0,not_applicable,false
SCAN-02R-b14e49e20117cb08,monitor_controlled,ACQSTATE-02R-896f06c2a7c231ec,eligible_for_split,holdout,31065614cbb880cfc50f10cb8ef37420d1dacccc09adf1b4d1c07a18e00d99da,65,16,available,false
SCAN-02R-b30351ae2c4fc24c,time_controlled,ACQSTATE-02R-b89c4bffa1f47288,not_primary_energy_discovery,not_applicable,,0,0,not_applicable,false
SCAN-02R-b654b4eb1ebe23d6,monitor_controlled,ACQSTATE-02R-26af9d97fec840cb,not_primary_energy_discovery,not_applicable,,0,0,not_applicable,false
SCAN-02R-b704f6a14f738619,monitor_controlled,ACQSTATE-02R-896f06c2a7c231ec,eligible_for_split,discovery,a49d53961700354dda41526c2991e00f95de71f39318a33d4399d42bf87eda46,65,16,available,false
SCAN-02R-baae22000a534323,monitor_controlled,ACQSTATE-02R-896f06c2a7c231ec,eligible_for_split,holdout,30b482575c8b46b28684db8444e93deea1763937f4e0fd83fc749ac0d8a28e64,65,16,available,false
SCAN-02R-bc0f4f0c3548d67f,time_controlled,ACQSTATE-02R-76dbf689e6cbf1b2,not_primary_energy_discovery,not_applicable,,0,0,not_applicable,false
SCAN-02R-c09396a290b0d6b2,time_controlled,ACQSTATE-02R-b89c4bffa1f47288,not_primary_energy_discovery,not_applicable,,0,0,not_applicable,false
SCAN-02R-c0c9b8b4b3c0d88f,monitor_controlled,ACQSTATE-02R-1bcac31a192a56d2,not_primary_energy_discovery,not_applicable,,0,0,not_applicable,false
SCAN-02R-c18c53ef408b1d89,time_controlled,ACQSTATE-02R-c0eac91ee4e36a39,not_primary_energy_discovery,not_applicable,,0,0,not_applicable,false
SCAN-02R-c3dcce6e5bc72678,monitor_controlled,ACQSTATE-02R-896f06c2a7c231ec,eligible_for_split,discovery,ea8af63945e414e08bc6bc4f5822f956ffe68cbef64837f8e37d1ae0696309b9,65,16,available,false
SCAN-02R-c5843105fb81b54c,monitor_controlled,ACQSTATE-02R-896f06c2a7c231ec,eligible_for_split,discovery,5dbd9c4d0d387632a786e20bb7f4a7ef9f2bac6409fe808b6c7705b86a5750fa,65,16,available,false
SCAN-02R-c676d8c64735e535,monitor_controlled,ACQSTATE-02R-896f06c2a7c231ec,diagnostic_only_insufficient_geometry,not_applicable,,0,0,not_applicable,false
SCAN-02R-c74434b3ed5fc9b8,monitor_controlled,ACQSTATE-02R-896f06c2a7c231ec,eligible_for_split,holdout,291441b061f0160bc9c6258a47bc207abf4dcad90d7d7c3d3b89f23c8ef177c3,65,16,available,false
SCAN-02R-c74d6df747d6fccd,monitor_controlled,ACQSTATE-02R-546c4f5ed876d928,not_primary_energy_discovery,not_applicable,,0,0,not_applicable,false
SCAN-02R-c7a73b4824a01210,monitor_controlled,ACQSTATE-02R-896f06c2a7c231ec,eligible_for_split,discovery,ea2d63028f03da0d297ffb756fcb5cc0f3e9c76332169dae70403dd04504e45d,65,16,available,false
SCAN-02R-c8f01d8d90de0c04,monitor_controlled,ACQSTATE-02R-72bc31d155544226,not_primary_energy_discovery,not_applicable,,0,0,not_applicable,false
SCAN-02R-c949f2ba4994924e,time_controlled,ACQSTATE-02R-03c418e03bbff8ef,not_primary_energy_discovery,not_applicable,,0,0,not_applicable,false
SCAN-02R-cb3c11e0b8e28580,time_controlled,ACQSTATE-02R-99416886f2a6708c,not_primary_energy_discovery,not_applicable,,0,0,not_applicable,false
SCAN-02R-cb5dd7445a99bc3a,time_controlled,ACQSTATE-02R-529ef1e7aa3e8091,not_primary_energy_discovery,not_applicable,,0,0,not_applicable,false
SCAN-02R-ccdf6f79b6e3b5fc,time_controlled,ACQSTATE-02R-28209d72681aed75,not_primary_energy_discovery,not_applicable,,0,0,not_applicable,false
SCAN-02R-cfcdc3a373b26fb0,time_controlled,ACQSTATE-02R-9ab3f10f56634512,not_primary_energy_discovery,not_applicable,,0,0,not_applicable,false
SCAN-02R-d24a90ed870ef8e6,time_controlled,ACQSTATE-02R-c3afc250a187b5a4,not_primary_energy_discovery,not_applicable,,0,0,not_applicable,false
SCAN-02R-d2b7e9ee069bd20e,monitor_controlled,ACQSTATE-02R-896f06c2a7c231ec,eligible_for_split,discovery,fcf75781f5a97f7b3e1123da3dd3b9d907978b78516cc593f1a28eb3ba966a9f,65,16,available,false
SCAN-02R-d453265e40ec7542,time_controlled,ACQSTATE-02R-c0eac91ee4e36a39,not_primary_energy_discovery,not_applicable,,0,0,not_applicable,false
SCAN-02R-d4d684343e0d7d6c,time_controlled,ACQSTATE-02R-53df6374615f09d5,not_primary_energy_discovery,not_applicable,,0,0,not_applicable,false
SCAN-02R-d5e00829a2a54fb6,time_controlled,ACQSTATE-02R-c0eac91ee4e36a39,not_primary_energy_discovery,not_applicable,,0,0,not_applicable,false
SCAN-02R-d7af0511d4c5b96e,time_controlled,ACQSTATE-02R-28209d72681aed75,not_primary_energy_discovery,not_applicable,,0,0,not_applicable,false
SCAN-02R-d934969a642de523,monitor_controlled,ACQSTATE-02R-d4c7951e1191398f,not_primary_energy_discovery,not_applicable,,0,0,not_applicable,false
SCAN-02R-da644119c60690fc,time_controlled,ACQSTATE-02R-763c392f103059d4,not_primary_energy_discovery,not_applicable,,0,0,not_applicable,false
SCAN-02R-dc90a5b672d54c2c,time_controlled,ACQSTATE-02R-6adc9825d6f4cc64,not_primary_energy_discovery,not_applicable,,0,0,not_applicable,false
SCAN-02R-e1e2bf2dafefa081,time_controlled,ACQSTATE-02R-b89c4bffa1f47288,not_primary_energy_discovery,not_applicable,,0,0,not_applicable,false
SCAN-02R-e3abafe2717105f3,time_controlled,ACQSTATE-02R-e97b44628314d841,not_primary_energy_discovery,not_applicable,,0,0,not_applicable,false
SCAN-02R-e4b1e60e94f6a5b7,time_controlled,ACQSTATE-02R-ee0ae71d1e3d66e5,not_primary_energy_discovery,not_applicable,,0,0,not_applicable,false
SCAN-02R-e56a9b34b0768e57,monitor_controlled,ACQSTATE-02R-1f2cf8c8f4f60684,not_primary_energy_discovery,not_applicable,,0,0,not_applicable,false
SCAN-02R-e5f864cf4587fc19,time_controlled,ACQSTATE-02R-adba83e7b042797b,not_primary_energy_discovery,not_applicable,,0,0,not_applicable,false
SCAN-02R-e731681e22986e49,time_controlled,ACQSTATE-02R-3ee91d21cbc1f09d,not_primary_energy_discovery,not_applicable,,0,0,not_applicable,false
SCAN-02R-e772d925e68f4477,monitor_controlled,ACQSTATE-02R-72bc31d155544226,not_primary_energy_discovery,not_applicable,,0,0,not_applicable,false
SCAN-02R-e7c2e1a042f607c2,monitor_controlled,ACQSTATE-02R-896f06c2a7c231ec,diagnostic_only_insufficient_geometry,not_applicable,,0,0,not_applicable,false
SCAN-02R-e99f0bd2152d59b1,time_controlled,ACQSTATE-02R-53df6374615f09d5,not_primary_energy_discovery,not_applicable,,0,0,not_applicable,false
SCAN-02R-eb5b106ace121b92,time_controlled,ACQSTATE-02R-763c392f103059d4,not_primary_energy_discovery,not_applicable,,0,0,not_applicable,false
SCAN-02R-eb6fd74d04998612,time_controlled,ACQSTATE-02R-9ab3f10f56634512,not_primary_energy_discovery,not_applicable,,0,0,not_applicable,false
SCAN-02R-ebc55d8b20e3cec0,monitor_controlled,ACQSTATE-02R-896f06c2a7c231ec,eligible_for_split,discovery,d390a17eeaf4cb5e0b094326b84af6c78f621bcd24fef15fa571ab3ad1e07f40,65,16,available,false
SCAN-02R-ebcf02322ed12a94,time_controlled,ACQSTATE-02R-b456d493f62e0335,not_primary_energy_discovery,not_applicable,,0,0,not_applicable,false
SCAN-02R-ed685e6e0b6d3265,monitor_controlled,ACQSTATE-02R-896f06c2a7c231ec,diagnostic_only_insufficient_geometry,not_applicable,,0,0,not_applicable,false
SCAN-02R-eea1fadd4abbd144,monitor_controlled,ACQSTATE-02R-896f06c2a7c231ec,eligible_for_split,discovery,a7dab994ae143ec38c3c15065b211e92607769a7bb3e8ff3c997391220b85cef,65,16,available,false
SCAN-02R-ef6a11424f751d3f,monitor_controlled,ACQSTATE-02R-896f06c2a7c231ec,eligible_for_split,discovery,987c33a81c84305399690cdfedb57d42bf57bee7aa80202c7d0ac75b67dde767,65,16,available,false
SCAN-02R-f36bb8e354cf21b7,monitor_controlled,ACQSTATE-02R-896f06c2a7c231ec,eligible_for_split,discovery,595958f75da8d02f3cf4ca1fbaadd23c5a1a2b965811375d2f4e4cfa84fd26b9,65,16,available,false
SCAN-02R-f380a5a0600b447a,monitor_controlled,ACQSTATE-02R-896f06c2a7c231ec,eligible_for_split,discovery,c74585964e49662a6c6d9035e32415e34664d0a2a96794d21ac4939217a5dfd8,65,16,available,false
SCAN-02R-f4c54e6724ab8666,time_controlled,ACQSTATE-02R-03c418e03bbff8ef,not_primary_energy_discovery,not_applicable,,0,0,not_applicable,false
SCAN-02R-f4da1c738ba8c661,time_controlled,ACQSTATE-02R-adba83e7b042797b,not_primary_energy_discovery,not_applicable,,0,0,not_applicable,false
SCAN-02R-f52305deb1f82a3a,monitor_controlled,ACQSTATE-02R-896f06c2a7c231ec,diagnostic_only_insufficient_geometry,not_applicable,,0,0,not_applicable,false
SCAN-02R-f565bb6e9ffba8d0,time_controlled,ACQSTATE-02R-6adc9825d6f4cc64,not_primary_energy_discovery,not_applicable,,0,0,not_applicable,false
SCAN-02R-f56f915bc229d6aa,monitor_controlled,ACQSTATE-02R-896f06c2a7c231ec,eligible_for_split,discovery,51c7e3b0a625fb3be90057a4e8686974d2703ad2b47746db72a45688fa6204f8,65,16,available,false
SCAN-02R-f71173d3ec0c732c,monitor_controlled,ACQSTATE-02R-896f06c2a7c231ec,eligible_for_split,discovery,b6435651253ec7f5236207805a70099a786cf6ff23e2e091ff58a3668b0f4cb3,65,16,available,false
SCAN-02R-f7776e64b8dc4ae4,time_controlled,ACQSTATE-02R-b89c4bffa1f47288,not_primary_energy_discovery,not_applicable,,0,0,not_applicable,false
SCAN-02R-f87c8c3cd06321c2,monitor_controlled,ACQSTATE-02R-896f06c2a7c231ec,eligible_for_split,discovery,d8ce3a1d55b8370d43dfffe2db7e20449cc1319dbd85bdf25a1b76d1c40678d9,65,16,available,false
SCAN-02R-facac32c4f9e5032,time_controlled,ACQSTATE-02R-6c0bdd080b2c5a8d,not_primary_energy_discovery,not_applicable,,0,0,not_applicable,false
SCAN-02R-fb555611767fe647,time_controlled,ACQSTATE-02R-6c0bdd080b2c5a8d,not_primary_energy_discovery,not_applicable,,0,0,not_applicable,false
SCAN-02R-fb62d31e5c3c1dbf,monitor_controlled,ACQSTATE-02R-896f06c2a7c231ec,eligible_for_split,discovery,81ea09f6adbd6ae7fd968f3372396a9e9b52d2bab68b49a596db67241966388a,65,16,available,false
SCAN-02R-fede66c26a275769,monitor_controlled,ACQSTATE-02R-896f06c2a7c231ec,eligible_for_split,discovery,fba8e0b539a05415ebdbf3648397c5d101e483fd34fbad30f416ebe0a190e985,65,16,available,false
